idVotant,Nom,Prénom,date_naissance,wikilink,age
PA606171,Ferrand,Richard,1962-07-01,Richard_Ferrand,58
PA721824,Renson,Hugues,,Hugues_Renson,42
PA719952,Mis,Jean-Michel,,Jean-Michel_Mis,53
PA607395,Travert,Stéphane,1969-10-12,Stéphane_Travert,51
PA718710,Boyer,Pascale,,Pascale_Boyer,55
PA718802,Perea,Alain,,Alain_Péréa,49
PA719032,Bouyx,Bertrand,,Bertrand_Bouyx,50
PA719100,Ardouin,Jean-Philippe,,Jean-Philippe_Ardouin,56
PA719108,Gérard,Raphaël,,Raphaël_Gérard,52
PA719154,Martin,Didier,,Didier_Martin,64
PA719230,Kerlogot,Yannick,,Yannick_Kerlogot,50
PA719388,Le Meur,Annaïg,,Annaïg_Le Meur,47
PA719728,Le Bohec,Gaël,,Gaël_Le Bohec,43
PA719790,Chalumeau,Philippe,,Philippe_Chalumeau,57
PA719814,Colboc,Fabienne,,Fabienne_Colboc,49
PA719830,Démoulin,Nicolas,,Nicolas_Démoulin,48
PA719882,Meynier-Millefert,Marjolaine,,Marjolaine_Meynier-Millefert,38
PA719960,Faure-Muntian,Valéria,,Valéria_Faure-Muntian,36
PA720022,Lauzzana,Michel,,Michel_Lauzzana,63
PA720030,Freschi,Alexandre,,Alexandre_Freschi,41
PA720108,Oppelt,Valérie,,Valérie_Oppelt,47
PA720146,Masséglia,Denis,,Denis_Masséglia,39
PA720154,Dubré-Chirat,Nicole,,Nicole_Dubré-Chirat,69
PA720268,Damaisin,Olivier,,Olivier_Damaisin,54
PA720754,Studer,Bruno,,Bruno_Studer,42
PA721158,Anglade,Pieyre-Alexandre,,Pieyre-Alexandre_Anglade,34
PA721450,Lenne,Marion,,Marion_Lenne,46
PA721750,Calvez,Céline,,Céline_Calvez,41
PA721776,Baichère,Didier,,Didier_Baichère,50
PA721844,Piron,Béatrice,,Béatrice_Piron,55
PA722046,Bergé,Aurore,,Aurore_Bergé,34
PA722094,Hennion,Christine,,Christine_Hennion,65
PA722170,Beaudouin-Hubiere,Sophie,,Sophie_Beaudouin-Hubière,48
PA722228,Leclabart,Jean-Claude,,Jean-Claude_Leclabart,66
PA722336,Thiébaut,Vincent,,Vincent_Thiébaut,48
PA722194,Provendier,Florence,,Florence_Provendier,55
PA721674,Atger,Stéphanie,,Stéphanie_Atger,45
PA345722,Le Grip,Constance,,Constance_Le Grip,60
PA720210,Beauvais,Valérie,,Valérie_Beauvais,57
PA720644,Nury,Jérôme,,Jérôme_Nury,48
PA608826,Duby-Muller,Virginie,1979-08-16,Virginie_Duby-Muller,41
PA266797,Gosselin,Philippe,1966-10-23,Philippe_Gosselin,54
PA719318,Anthoine,Emmanuelle,,Emmanuelle_Anthoine,56
PA720630,Minot,Maxime,,Maxime_Minot,33
PA721506,Kuster,Brigitte,,Brigitte_Kuster,61
PA266793,Bony,Jean-Yves,,Jean-Yves_Bony,65
PA720598,Deprez-Audebert,Marguerite,,Marguerite_Deprez-Audebert,68
PA342415,Battistel,Marie-Noëlle,1956-08-20,Marie-Noëlle_Battistel,64
PA608741,Tolmont,Sylvie,1962-10-09,Sylvie_Tolmont,58
PA340357,Victory,Michèle,,Michèle_Victory,62
PA331567,de La Raudière,Laure,1965-02-12,Laure_de La Raudière,55
PA642868,Christophe,Paul,,Paul_Christophe,49
PA267780,Firmin Le Bodo,Agnès,,Agnès_Firmin-Le_Bodo,52
PA719806,Auconie,Sophie,,Sophie_Auconie,57
PA1838,Lassalle,Jean,1955-05-03,Jean_Lassalle,65
PA721194,Dumas,Frédérique,,Frédérique_Dumas,57
PA722268,Wonner,Martine,,Martine_Wonner,56
PA719608,Ménard,Emmanuelle,,Emmanuelle_Ménard,52
PA721852,Lebec,Marie,,Marie_Lebec,30
PA719024,Blanchet,Christophe,,Christophe_Blanchet,47
PA719080,Marsaud,Sandra,,Sandra_Marsaud,47
PA719170,Charvier,Fannette,,Fannette_Charvier,36
PA719372,Kasbarian,Guillaume,,Guillaume_Kasbarian,33
PA719420,Sommer,Denis,,Denis_Sommer,63
PA719684,Dubost,Coralie,,Coralie_Dubost,37
PA719850,Motin,Cendra,,Cendra_Motin,45
PA720298,Cariou,Émilie,,Émilie_Cariou,49
PA720830,Thomas,Valérie,,Valérie_Thomas,53
PA721134,Lescure,Roland,,Roland_Lescure,54
PA721344,Bonnell,Bruno,,Bruno_Bonnell,62
PA721542,Verdier-Jouclas,Marie-Christine,,Marie-Christine_Verdier-Jouclas,55
PA722382,Dirx,Benjamin,,Benjamin_Dirx,42
PA1327,Forissier,Nicolas,,Nicolas_Forissier,59
PA608016,Louwagie,Véronique,1961-03-20,Véronique_Louwagie,59
PA718978,Laqhila,Mohamed,,Mohamed_Laqhila,61
PA720652,Duvergé,Bruno,,Bruno_Duvergé,63
PA607553,Potier,Dominique,1964-03-17,Dominique_Potier,56
PA719930,Vallaud,Boris,,Boris_Vallaud,45
PA720422,Quatennens,Adrien,,Adrien_Quatennens,30
PA720846,Lachaud,Bastien,,Bastien_Lachaud,40
PA720892,Panot,Mathilde,,Mathilde_Panot,32
PA721202,Coquerel,Éric,,Éric_Coquerel,62
PA721210,Corbière,Alexis,,Alexis_Corbière,52
PA718926,Dharréville,Pierre,,Pierre_Dharréville,45
PA721270,Peu,Stéphane,,Stéphane_Peu,58
PA331582,Vigier,Philippe,1958-02-03,Philippe_Vigier,62
PA643127,Questel,Bruno,,Bruno_Questel,54
PA720790,Grau,Romain,,Romain_Grau,46
PA607595,Pellois,Hervé,1951-04-17,Hervé_Pellois,69
PA720492,Osson,Catherine,,Catherine_Osson,46
PA718954,Ahamada,Saïd,,Saïd_Ahamada,48
PA719186,Khattabi,Fadila,,Fadila_Khattabi,58
PA719242,Moreau,Jean-Baptiste,,Jean-Baptiste_Moreau,
PA719472,Cazeneuve,Jean-René,,Jean-René_Cazeneuve,62
PA719540,Toutut-Picard,Élisabeth,,Élisabeth_Toutut-Picard,66
PA719616,Euzet,Christophe,,Christophe_Euzet,53
PA719710,David,Dominique,,Dominique_David,
PA719740,Colas-Roy,Jean-Charles,,Jean-Charles_Colas-Roy,42
PA719756,Cloarec-Le Nabour,Christine,,Christine_Cloarec-Le Nabour,56
PA719798,Labaronne,Daniel,,Daniel_Labaronne,65
PA719890,Brulebois,Danielle,,Danielle_Brulebois,73
PA719922,Causse,Lionel,,Lionel_Causse,49
PA719994,Kamowski,Catherine,,Catherine_Kamowski,62
PA643175,Dupont,Stella,,Stella_Dupont,47
PA720222,Girardin,Éric,,Éric_Girardin,58
PA720362,Belhaddad,Belkhir,,Belkhir_Belhaddad,51
PA720446,Liso,Brigitte,,Brigitte_Liso,61
PA720500,Petit,Valérie,,Valérie_Petit,44
PA720520,Cattelot,Anne-Laure,,Anne-Laure_Cattelot,32
PA720622,Bureau-Bonnard,Carole,,Carole_Bureau-Bonnard,55
PA720738,Michels,Thierry,,Thierry_Michels,
PA720862,Descrozaille,Frédéric,,Frédéric_Descrozaille,53
PA720878,Saint-Martin,Laurent,,Laurent_Saint-Martin,35
PA720900,Rilhac,Cécile,,Cécile_Rilhac,46
PA720908,Moutchou,Naïma,,Naïma_Moutchou,40
PA721150,Holroyd,Alexandre,,Alexandre_Holroyd,33
PA721246,Gaillot,Albane,,Albane_Gaillot,49
PA721584,Terlier,Jean,,Jean_Terlier,43
PA721656,Muschotti,Cécile,,Cécile_Muschotti,33
PA721916,Pouzyreff,Natalia,,Natalia_Pouzyreff,59
PA722150,Houlié,Sacha,,Sacha_Houlié,32
PA722366,Fugit,Jean-Luc,,Jean-Luc_Fugit,51
PA642695,Bothorel,Éric,1966-10-20,Éric_Bothorel,54
PA1874,Le Fur,Marc,1956-11-28,Marc_Le Fur,64
PA746,Carrez,Gilles,1948-08-29,Gilles_Carrez,72
PA266808,Rolland,Vincent,,Vincent_Rolland,50
PA2960,Woerth,Éric,1956-01-29,Éric_Woerth,64
PA718850,Cordier,Pierre,,Pierre_Cordier_(homme_politique),48
PA266776,Reiss,Frédéric,1949-11-12,Frédéric_Reiss,71
PA605036,Abad,Damien,1980-04-05,Damien_Abad,40
PA330008,Breton,Xavier,1962-11-25,Xavier_Breton,58
PA267450,Delatte,Rémi,1956-06-09,Rémi_Delatte,64
PA605991,Genevard,Annie,1956-09-07,Annie_Genevard,64
PA719272,Meunier,Frédérique,,Frédérique_Meunier,60
PA720386,Di Filippo,Fabien,,Fabien_Di Filippo,34
PA642847,Bazin,Thibault,,Thibault_Bazin,36
PA721678,Reda,Robin,,Robin_Reda,29
PA720746,Waserman,Sylvain,,Sylvain_Waserman,53
PA720334,Pahun,Jimmy,,Jimmy_Pahun,58
PA720728,Mattei,Jean-Paul,,Jean-Paul_Mattei,66
PA721924,de Vaucouleurs,Michèle,,Michèle_de Vaucouleurs,56
PA719918,Lainé,Fabien,,Fabien_Lainé,44
PA340343,Saulignac,Hervé,,Hervé_Saulignac,50
PA605069,Bricout,Jean-Louis,1957-12-27,Jean-Louis_Bricout,63
PA332614,Juanico,Régis,1972-02-05,Régis_Juanico,48
PA608172,Pires Beaune,Christine,1964-10-06,Christine_Pires Beaune,56
PA609590,Rabault,Valérie,1973-04-25,Valérie_Rabault,47
PA2952,Warsmann,Jean-Luc,1965-10-22,Jean-Luc_Warsmann,55
PA720230,Magnier,Lise,,Lise_Magnier,36
PA721632,Lemoine,Patricia,,Patricia_Lemoine,59
PA942,de Courson,Charles,1952-04-02,Charles_de Courson,68
PA405480,Pupponi,François,1962-07-31,François_Pupponi,58
PA607619,Molac,Paul,1962-05-21,Paul_Molac,58
PA719138,Castellani,Michel,,Michel_Castellani_(homme_politique),75
PA718720,Dufrègne,Jean-Paul,,Jean-Paul_Dufrègne,62
PA332747,de Rugy,François,1973-12-06,François_de Rugy,47
PA722398,Rebeyrotte,Rémy,,Rémy_Rebeyrotte,54
PA719118,Cormier-Bouligeon,François,,François_Cormier-Bouligeon,48
PA719668,Mirallès,Patricia,,Patricia_Mirallès,53
PA605963,Alauzet,Éric,1958-06-07,Éric_Alauzet,62
PA718674,Givernet,Olga,,Olga_Givernet,39
PA718694,Delatte,Marc,,Marc_Delatte,59
PA718736,Peyrol,Bénédicte,,Bénédicte_Peyrol,29
PA718930,Petel,Anne-Laurence,,Anne-Laurence_Petel,50
PA718962,Zulesi,Jean-Marc,,Jean-Marc_Zulesi,32
PA719006,Le Vigoureux,Fabrice,,Fabrice_Le Vigoureux,51
PA719060,Jerretie,Christophe,,Christophe_Jerretie,41
PA719092,Tuffnell,Frédérique,,Frédérique_Tuffnell,64
PA719162,Dubois,Jacqueline,,Jacqueline_Dubois,63
PA719250,Chassaing,Philippe,,Philippe_Chassaing,48
PA719338,Melchior,Graziella,,Graziella_Melchior,
PA719412,Le Feur,Sandrine,,Sandrine_Le Feur,29
PA719980,Borowczyk,Julien,,Julien_Borowczyk,41
PA720054,Haury,Yannick,,Yannick_Haury,66
PA720214,Kuric,Aina,,Aina_Kuric,33
PA720318,Zannier,Hélène,,Hélène_Zannier,48
PA720378,Lioger,Richard,,Richard_Lioger,
PA720394,Trisse,Nicole,,Nicole_Gries-Trisse,57
PA720560,Goulet,Perrine,,Perrine_Goulet,42
PA720576,Bois,Pascal,,Pascal_Bois,61
PA720590,Potterie,Benoit,,Benoît_Potterie,53
PA720780,Sempastous,Jean-Bernard,,Jean-Bernard_Sempastous,56
PA720870,Mbaye,Jean François,,Jean François_Mbaye,42
PA721218,Charrière,Sylvie,,Sylvie_Charrière,59
PA721466,Le Gendre,Gilles,,Gilles_Le Gendre,62
PA721498,Guerini,Stanislas,,Stanislas_Guerini,38
PA721514,Kerbarh,Stéphanie,,Stéphanie_Kerbarh,45
PA721568,Person,Pierre,,Pierre_Person,32
PA721616,Rupin,Pacôme,,Pacôme_Rupin,36
PA721644,Kokouendo,Rodrigue,,Rodrigue_Kokouendo,46
PA721726,Mauborgne,Sereine,,Sereine_Mauborgne,48
PA721784,Gomez-Bassac,Valérie,,Valérie_Gomez-Bassac,51
PA721946,Marilossian,Jacques,,Jacques_Marilossian,62
PA722008,Leguille-Balloy,Martine,,Martine_Leguille-Balloy,63
PA722244,Magne,Marie-Ange,,Marie-Ange_Magne,33
PA724827,Ali,Ramlati,,Ramlati_Ali,59
PA332523,Dalloz,Marie-Christine,1958-01-10,Marie-Christine_Dalloz,63
PA721410,Bonnivard,Émilie,,Émilie_Bonnivard,40
PA608416,Hetzel,Patrick,1964-07-02,Patrick_Hetzel,56
PA721286,Ramadier,Alain,,Alain_Ramadier,62
PA721734,Michel-Kleisbauer,Philippe,,Philippe_Michel-Kleisbauer,51
PA719640,Mette,Sophie,,Sophie_Mette,61
PA720720,Poueyto,Josy,,Josy_Poueyto,67
PA721234,Petit,Maud,,Maud_Petit,49
PA721836,Barrot,Jean-Noël,,Jean-Noël_Barrot,37
PA721976,Millienne,Bruno,,Bruno_Millienne,61
PA333421,Pancher,Bertrand,1958-06-05,Bertrand_Pancher,62
PA721062,Ratenon,Jean-Hugues,,Jean-Hugues_Ratenon,53
PA722142,Ruffin,François,,François_Ruffin,45
PA720692,Roussel,Fabien,,Fabien_Roussel,51
PA721296,Gouffier-Cha,Guillaume,,Guillaume_Gouffier-Cha,34
PA718810,Robert,Mireille,,Mireille_Robert,58
PA677483,Mazars,Stéphane,1969-03-25,Stéphane_Mazars,51
PA719202,Paris,Didier,,Didier_Paris,66
PA719294,Clapot,Mireille,,Mireille_Clapot,57
PA719866,Abadie,Caroline,,Caroline_Abadie,44
PA720124,Amadou,Aude,,Aude_Amadou,40
PA720454,Houbron,Dimitri,,Dimitri_Houbron,29
PA720806,Gayte,Laurence,,Laurence_Gayte,
PA721024,Genetet,Anne,,Anne_Genetet,57
PA721352,Cazarian,Danièle,,Danièle_Cazarian,55
PA721888,Raphan,Pierre-Alain,,Pierre-Alain_Raphan,37
PA721908,Braun-Pivet,Yaël,,Yaël_Braun-Pivet,50
PA722070,Henriet,Pierre,,Pierre_Henriet,29
PA718784,Pauget,Éric,,Éric_Pauget,50
PA721984,Latombe,Philippe,,Philippe_Latombe,45
PA721486,Naegelen,Christophe,,Christophe_Naegelen,37
PA718868,Larive,Michel,,Michel_Larive,54
PA720430,Bernalicis,Ugo,,Ugo_Bernalicis,31
PA721960,Obono,Danièle,,Danièle_Obono,40
PA722202,Jumel,Sébastien,,Sébastien_Jumel,49
PA720546,Bruneel,Alain,,Alain_Bruneel,68
PA755549,Brial,Sylvain,,Sylvain_Brial,56
PA721932,Lorho,Marie-France,,Marie-France_Lorho,56
PA721262,Vuilletet,Guillaume,,Guillaume_Vuilletet,53
PA606202,Dumas,Françoise,1960-04-12,Françoise_Dumas,60
PA717379,Maillard,Sylvain,,Sylvain_Maillard,46
PA719440,Cellier,Anthony,,Anthony_Cellier,45
PA719512,Vignon,Corinne,,Corinne_Vignon,57
PA721142,Forteza,Paula,,Paula_Forteza,34
PA721278,Anato,Patrice,,Patrice_Anato,44
PA721426,Riotton,Véronique,,Véronique_Riotton,51
PA721434,Lardet,Frédérique,,Frédérique_Lardet,54
PA721710,Peyron,Michèle,,Michèle_Peyron,59
PA722038,Adam,Damien,,Damien_Adam,31
PA722292,Rudigoz,Thomas,,Thomas_Rudigoz,50
PA721742,Florennes,Isabelle,,Isabelle_Florennes,53
PA722374,Isaac-Sibille,Cyrille,,Cyrille_Isaac-Sibille,62
PA720468,Chenu,Sébastien,,Sébastien_Chenu,47
PA718728,Vanceunebrock,Laurence,,Laurence_Vanceunebrock,50
PA672,Bridey,Jean-Jacques,1953-05-07,Jean-Jacques_Bridey,67
PA718756,Bono-Vandorme,Aude,,Aude_Bono-Vandorme,58
PA719350,Tamarelle-Verhaeghe,Marie,,Marie_Tamarelle-Verhaeghe,58
PA719364,O'Petit,Claire,,Claire_O'Petit,71
PA719550,Tanguy,Liliana,,Liliana_Tanguy,53
PA719692,Eliaou,Jean-François,,Jean-François_Eliaou,64
PA719770,Bachelier,Florian,,Florian_Bachelier,41
PA719858,Limon,Monique,,Monique_Limon,67
PA720116,Brunet,Anne-France,,Anne-France_Brunet,58
PA720170,Grandjean,Carole,,Carole_Grandjean,37
PA720202,Krimi,Sonia,,Sonia_Krimi,38
PA720854,Testé,Stéphane,,Stéphane_Testé,52
PA720960,Serva,Olivier,,Olivier_Serva,46
PA721328,Brugnera,Anne,,Anne_Brugnera,50
PA721600,Rossi,Laurianne,,Laurianne_Rossi,36
PA722022,Romeiro Dias,Laëtitia,,Laëtitia_Romeiro Dias,40
PA722062,Granjus,Florence,,Florence_Granjus,58
PA722178,Maire,Jacques,,Jacques_Maire_(homme_politique),58
PA702054,Claireaux,Stéphane,1964-06-23,Stéphane_Claireaux,56
PA719326,Gipson,Séverine,,Séverine_Gipson,50
PA722090,Pételle,Bénédicte,,Bénédicte_Pételle,49
PA720516,Morlighem,Florence,,Florence_Morlighem,50
PA719736,Galliard-Minier,Camille,,Camille_Galliard-Minier,45
PA606098,Marleix,Olivier,1971-02-06,Olivier_Marleix,49
PA721816,Boucard,Ian,,Ian_Boucard,32
PA643089,Thiériot,Jean-Louis,,Jean-Louis_Thiériot,51
PA721832,Boëlle,Sandra,,Sandra_Boëlle,59
PA722308,Serre,Nathalie,,Nathalie_Serre,52
PA719488,Berta,Philippe,,Philippe_Berta,60
PA720256,Bannier,Géraldine,,Géraldine_Bannier,41
PA720326,Hammouche,Brahim,,Brahim_Hammouche,49
PA721182,Petit,Frédéric,,"Frédéric_Petit_(homme_politique,_1961)",59
PA722162,Turquois,Nicolas,,Nicolas_Turquois,48
PA720568,Thill,Agnès,,Agnès_Thill,56
PA342601,Brindeau,Pascal,,Pascal_Brindeau,46
PA720286,Fiat,Caroline,,Caroline_Fiat,43
PA722126,Chiche,Guillaume,,Guillaume_Chiche,34
PA721896,Faucillon,Elsa,,Elsa_Faucillon,39
PA719194,de Courson,Yolaine,,Yolaine_de Courson,66
PA720162,Bolo,Philippe,,Philippe_Bolo,53
PA336175,Pinel,Sylvia,1977-09-28,Sylvia_Pinel,43
PA606507,Boudié,Florent,1973-09-22,Florent_Boudié,47
PA720944,Park,Zivka,,Zivka_Park,36
PA721702,Fauvergue,Jean-Michel,,Jean-Michel_Fauvergue,63
PA330240,Ciotti,Éric,1965-09-28,Éric_Ciotti,55
PA267200,Huyghe,Sébastien,1969-10-25,Sébastien_Huyghe,51
PA267429,Cinieri,Dino,1955-07-09,Dino_Cinieri,65
PA609726,Aubert,Julien,1978-06-11,Julien_Aubert,42
PA720684,Dumont,Pierre-Henri,,Pierre-Henri_Dumont,33
PA643103,Ferrara,Jean-Jacques,,Jean-Jacques_Ferrara,53
PA720100,Pradié,Aurélien,,Aurélien_Pradié,34
PA721474,Viry,Stéphane,,Stéphane_Viry,51
PA721418,Mignola,Patrick,,Patrick_Mignola,49
PA719266,Cubertafon,Jean-Pierre,,Jean-Pierre_Cubertafon,72
PA719558,Balanant,Erwan,,Erwan_Balanant,49
PA719874,Jacquier-Laforge,Élodie,,Élodie_Jacquier-Laforge,42
PA268019,Lagarde,Jean-Christophe,1967-10-24,Jean-Christophe_Lagarde,53
PA267330,Zumkeller,Michel,1966-01-21,Michel_Zumkeller,55
PA1198,Dumont,Laurence,1958-06-02,Laurence_Dumont,62
PA1592,Habib,David,1961-03-16,David_Habib,59
PA608695,Untermaier,Cécile,1951-12-28,Cécile_Untermaier,69
PA267306,Chassaigne,André,1950-07-02,André_Chassaigne,70
PA720996,El Guerrab,M'jid,,M'jid_El Guerrab,37
PA2828,Tourret,Alain,1947-12-25,Alain_Tourret,73
PA721880,Guévenoux,Marie,,Marie_Guévenoux,44
PA718744,Bagarry,Delphine,,Delphine_Bagarry,51
PA719330,Gouttefarde,Fabien,,Fabien_Gouttefarde,42
PA719624,Couillard,Bérangère,,Bérangère_Couillard,34
PA719660,Dubos,Christelle,,Christelle_Dubos,44
PA719748,Chalas,Émilie,,Émilie_Chalas,43
PA720066,Rist,Stéphanie,,Stéphanie_Rist,47
PA720552,Rauch,Isabelle,,Isabelle_Rauch,52
PA720916,Lazaar,Fiona,,Fiona_Lazaar,35
PA721364,Gauvain,Raphaël,,Raphaël_Gauvain,47
PA722102,Vidal,Annie,,Annie_Vidal,64
PA923,Cornut-Gentille,François,1958-05-22,François_Cornut-Gentille,62
PA712015,Dive,Julien,1985-05-21,Julien_Dive,35
PA748954,Savignat,Antoine,,Antoine_Savignat,45
PA720976,Mathiasin,Max,,Max_Mathiasin,64
PA702052,Sage,Maina,1975-05-10,Maina_Sage,45
PA332228,Benoit,Thierry,1966-09-13,Thierry_Benoit,54
PA337483,Letchimy,Serge,1953-01-13,Serge_Letchimy,68
PA643145,Vainqueur-Christophe,Hélène,1956-05-06,Hélène_Vainqueur-Christophe,64
PA719146,Acquaviva,Jean-Félix,,Jean-Félix_Acquaviva,47
PA2150,Mélenchon,Jean-Luc,,Jean-Luc_Mélenchon,69
PA610667,Serville,Gabriel,1959-09-27,Gabriel_Serville,61
PA721118,Brotherson,Moetai,,Moetai_Brotherson,51
PA719632,Panonacle,Sophie,,Sophie_Panonacle,52
PA719718,Maillart-Méhaignerie,Laurence,,Laurence_Maillart-Méhaignerie,53
PA720538,De Temmerman,Jennifer,,Jennifer_De Temmerman,43
PA721372,Pichereau,Damien,,Damien_Pichereau,33
PA722000,Buchou,Stéphane,,Stéphane_Buchou,46
PA267204,Sermier,Jean-Marie,1961-03-05,Jean-Marie_Sermier,59
PA721530,Luquet,Aude,,Aude_Luquet,53
PA2449,Pont,Jean-Pierre,,Jean-Pierre_Pont,70
PA719592,Simian,Benoit,,Benoît_Simian,37
PA719652,Hammerer,Véronique,,Véronique_Hammerer,52
PA719778,Jolivet,François,,François_Jolivet,54
PA719972,Sarles,Nathalie,,Nathalie_Sarles,58
PA720138,Saint-Paul,Laetitia,,Laëtitia_Saint-Paul,40
PA720190,Sorre,Bertrand,,Bertrand_Sorre,55
PA720278,Orphelin,Matthieu,,Matthieu_Orphelin,48
PA720414,Perrot,Patrice,,Patrice_Perrot,56
PA721166,Cazebonne,Samantha,,Samantha_Cazebonne,49
PA721458,Roseren,Xavier,,Xavier_Roseren,51
PA2377,Perrut,Bernard,1957-01-24,Bernard_Perrut,64
PA856,Cherpion,Gérard,1948-03-15,Gérard_Cherpion,72
PA2155,Menuel,Gérard,1952-05-07,Gérard_Menuel,68
PA720586,Vatin,Pierre,,Pierre_Vatin,53
PA267324,Gaultier,Jean-Jacques,,Jean-Jacques_Gaultier,57
PA267527,Saddier,Martial,1969-10-15,Martial_Saddier,51
PA718838,Brun,Fabrice,,Fabrice_Brun,52
PA721968,Vialay,Michel,,Michel_Vialay,61
PA267735,de Ganay,Claude,1953-09-05,Claude_de Ganay,67
PA267785,Larrivé,Guillaume,1977-01-24,Guillaume_Larrivé,44
PA267318,Grelier,Jean-Carles,,Jean-Carles_Grelier,54
PA718884,Bazin-Malgras,Valérie,,Valérie_Bazin-Malgras,51
PA346054,Maquet,Emmanuel,,Emmanuel_Maquet,52
PA330909,Descoeur,Vincent,,Vincent_Descoeur,58
PA1695,Jacob,Christian,1959-12-04,Christian_Jacob,61
PA720764,Lasserre,Florence,,Florence_Lasserre,46
PA720968,Benin,Justine,,Justine_Benin,45
PA722284,Fuchs,Bruno,,Bruno_Fuchs,61
PA610775,Gomès,Philippe,1958-10-27,Philippe_Gomès,62
PA722110,Wulfranc,Hubert,,Hubert_Wulfranc,64
PA722252,Rixain,Marie-Pierre,,Marie-Pierre_Rixain,44
PA718944,Racon-Bouzon,Cathy,,Cathy_Racon-Bouzon,44
PA720402,Paluszkiewicz,Xavier,,Xavier_Paluszkiewicz,48
PA720480,Lecocq,Charlotte,,Charlotte_Lecocq,43
PA643205,Lang,Anne-Christine,1961-08-10,Anne-Christine_Lang,59
PA331835,Iborra,Monique,1945-03-08,Monique_Iborra,75
PA719520,Nogal,Mickaël,,Mickaël_Nogal,30
PA719310,de Lavergne,Célia,,Célia_de Lavergne,41
PA719496,Cabaré,Pierre,,Pierre_Cabaré,63
PA719570,Fabre,Catherine,,Catherine_Fabre,42
PA720014,Tiegna,Huguette,,Huguette_Tiegna,38
PA718780,Trastour-Isnart,Laurence,,Laurence_Trastour-Isnart,48
PA720092,Ramos,Richard,,Richard_Ramos,52
PA609332,Faure,Olivier,1968-08-18,Olivier_Faure_(homme_politique),52
PA719578,Prud'homme,Loïc,,Loïc_Prud'homme,51
PA718682,Trompille,Stéphane,,Stéphane_Trompille,38
PA719130,Michel,Monica,,Monica_Michel,65
PA720046,Dufeu,Audrey,,Audrey_Dufeu,40
PA721522,Batut,Xavier,,Xavier_Batut, a
PA722134,Fiévet,Jean-Marie,,Jean-Marie_Fiévet,56
PA722320,Lejeune,Christophe,,Christophe_Lejeune,51
PA720696,Descamps,Béatrice,,"Béatrice_Descamps_(femme_politique,_1961)",59
PA333285,Garot,Guillaume,1966-05-29,Guillaume_Garot,54
PA718860,Taurine,Bénédicte,,Bénédicte_Taurine,44
PA719676,Ressiguier,Muriel,,Muriel_Ressiguier,43
PA721226,Rubin,Sabine,,Sabine_Rubin,60
PA718794,Hérin,Danièle,,Danièle_Hérin,74
PA720342,Le Peih,Nicole,,Nicole_Le Peih,61
PA721036,Adam,Lénaïck,,Lénaïck_Adam,28
PA721624,Avia,Laetitia,,Laetitia_Avia,35
PA722344,Julien-Laferrière,Hubert,,Hubert_Julien-Laferrière,54
PA267440,Diard,Éric,,Éric_Diard,55
PA722030,Bournazel,Pierre-Yves,,Pierre-Yves_Bournazel,43
PA335999,Batho,Delphine,1973-03-23,Delphine_Batho,47
PA335612,Lecoq,Jean-Paul,,Jean-Paul_Lecoq,62
PA719480,Gaillard,Olivier,,Olivier_Gaillard_(homme_politique),53
PA721314,Schellenberger,Raphaël,,Raphaël_Schellenberger,30
PA721608,Bourlanges,Jean-Louis,,Jean-Louis_Bourlanges,74
PA421348,Villiers,André,,André_Villiers_(homme_politique),66
PA607155,Daniel,Yves,1954-07-31,Yves_Daniel,66
PA718876,Besson-Moreau,Grégory,,Grégory_Besson-Moreau,38
PA718894,Dombreval,Loïc,,Loïc_Dombreval,54
PA719700,Huppé,Philippe,,Philippe_Huppé,52
PA336316,Bouchet,Jean-Claude,1957-05-02,Jean-Claude_Bouchet,63
PA760658,Chouat,Francis,,Francis_Chouat,72
PA1276,Fanget,Michel,,Michel_Fanget,70
PA718910,Pitollat,Claire,,Claire_Pitollat,41
PA719842,Laabid,Mustapha,,Mustapha_Laabid,51
PA720074,Janvier,Caroline,,Caroline_Janvier,38
PA720932,Da Silva,Dominique,,Dominique_Da_Silva_(homme_politique),52
PA721336,Brocard,Blandine,,Blandine_Brocard,39
PA689,Buffet,Marie-George,1949-05-07,Marie-George_Buffet,71
PA718768,Valetta Ardisson,Alexandra,,Alexandra_Valetta-Ardisson,44
PA608641,Blein,Yves,1954-10-12,Yves_Blein,66
PA719456,Mörch,Sandrine,,Sandrine_Mörch,59
PA720354,Jacques,Jean-Michel,,Jean-Michel_Jacques,52
PA720370,Mendes,Ludovic,,Ludovic_Mendes,33
PA267901,Kamardine,Mansour,,Mansour_Kamardine,61
PA1008,David,Alain,,Alain_David_(homme_politique),71
PA720988,Manin,Josette,,Josette_Manin,70
PA588884,Autain,Clémentine,,Clémentine_Autain,47
PA717167,Mahjoubi,Mounir,,Mounir_Mahjoubi,36
PA719448,Chapelier,Annie,,Annie_Chapelier,53
PA720952,Taché,Aurélien,,Aurélien_Taché,36
PA722260,Villani,Cédric,,Cédric_Villani,47
PA642935,Becht,Olivier,,Olivier_Becht,44
PA712014,Ledoux,Vincent,1966-06-21,Vincent_Ledoux,54
PA719072,Mesnier,Thomas,,Thomas_Mesnier,34
PA719218,Berville,Hervé,,Hervé_Berville,
PA721398,Degois,Typhanie,,Typhanie_Degois,28
PA1809,Lambert,Jérôme,1957-06-07,Jérôme_Lambert_(homme_politique),63
PA720614,Le Pen,Marine,,Marine_Le Pen,52
PA720606,Pajot,Ludovic,,Ludovic_Pajot,27
PA720664,Evrard,José,,José_Evrard,75
PA720822,Bilde,Bruno,,Bruno_Bilde,44
PA722390,Corneloup,Josiane,,Josiane_Corneloup,61
PA508,Biémouret,Gisèle,1952-06-16,Gisèle_Biémouret,68
PA334768,Touraine,Jean-Louis,1945-10-08,Jean-Louis_Touraine,75
PA267289,Door,Jean-Pierre,1942-04-01,Jean-Pierre_Door,78
PA643134,Valentin,Isabelle,,Isabelle_Valentin,59
PA721126,Guion-Firmin,Claire,,Claire_Guion-Firmin,63
PA721792,Guerel,Émilie,,Émilie_Guerel,37
PA721808,Crouzet,Michèle,,Michèle_Crouzet,53
PA722300,Khedher,Anissa,,Anissa_Khedher,40
PA267378,Levy,Geneviève,1948-02-24,Geneviève_Levy,72
PA267042,Favennec-Bécot ,Yannick,1958-08-12,Yannick_Favennec_Becot,62
PA721094,Dunoyer,Philippe,,Philippe_Dunoyer,53
PA718990,Blanc,Anne,,Anne_Blanc,54
PA719528,Portarrieu,Jean-François,,Jean-François_Portarrieu,55
PA719822,Thillaye,Sabine,,Sabine_Thillaye,61
PA607090,Vigier,Jean-Pierre,1969-10-22,Jean-Pierre_Vigier_(homme_politique),51
PA719044,Essayan,Nadia,,Nadia_Essayan,63
PA719942,Baudu,Stéphane,,Stéphane_Baudu,55
PA721996,Loiseau,Patrick,,Patrick_Loiseau,
PA605518,Lambert,François-Michel,1966-08-24,François-Michel_Lambert,54
PA608292,Dubié,Jeanine,1958-01-03,Jeanine_Dubié,63
PA719286,Colombani,Paul-André,,Paul-André_Colombani,53
PA721560,Griveaux,Benjamin,,Benjamin_Griveaux,43
PA643157,Naillet,Philippe,1960-08-14,Philippe_Naillet,60
PA721110,Sanquer,Nicole,,Nicole_Sanquer,48
PA718918,Louis,Alexandra,,Alexandra_Louis,37
PA719052,Kervran,Loïc,,Loïc_Kervran,36
PA719302,Thourot,Alice,,Alice_Thourot,35
PA719396,Larsonneur,Jean-Charles,,Jean-Charles_Larsonneur,37
PA719404,Le Gac,Didier,,Didier_Le Gac,55
PA719600,Poulliat,Éric,,Éric_Poulliat,46
PA720814,Cazenove,Sébastien,,Sébastien_Cazenove,
PA721004,Lakrafi,Amélia,,Amélia_Lakrafi,42
PA767,Cattin,Jacques,,Jacques_Cattin,62
PA720772,Bru,Vincent,,Vincent_Bru,65
PA335054,Karamanli,Marietta,1964-12-18,Marietta_Karamanli,56
PA607193,Errante,Sophie,1971-07-22,Sophie_Errante,49
PA721690,Tan,Buon,,Buon_Tan,53
PA719504,Lagleize,Jean-Luc,,Jean-Luc_Lagleize,62
PA267355,Herth,Antoine,1963-02-14,Antoine_Herth,57
PA721718,Do,Stéphanie,,Stéphanie_Do,41
PA722312,Bessot Ballot,Barbara,,Barbara_Bessot Ballot,48
PA722240,Venteau,Pierre,,Pierre_Venteau,46
PA1012,de la Verpillière,Charles,1954-05-31,Charles_de la Verpillière,66
PA713448,Brenier,Marine,1986-08-11,Marine_Brenier,34
PA267766,Bricout,Guy,,Guy_Bricout,76
PA719464,Nadot,Sébastien,,Sébastien_Nadot,48
PA334116,Maquet,Jacqueline,1949-05-13,Jacqueline_Maquet,71
PA720438,Di Pompeo,Christophe,,Christophe_Di Pompeo,56
PA720310,Arend,Christophe,,Christophe_Arend,45
PA722118,Sylla,Sira,,Sira_Sylla,40
PA718902,Roussel,Cédric,,Cédric_Roussel,43
PA266788,Morel-À-L'Huissier,Pierre,1958-12-21,Pierre_Morel-À-L'Huissier,62
PA721872,Poirson,Brune,,Brune_Poirson,38
PA722218,Delpirou,Cécile,,Cécile_Delpirou,56
PA720246,Templier,Sylvain,,Sylvain_Templier,49
PA342240,Bourgeaux,Jean-Luc,,Jean-Luc_Bourgeaux,57
PA342196,Rouaux,Claudia,,Claudia_Rouaux,57
PA695100,Habib,Meyer,1961-04-28,Meyer_Habib,59
PA719436,Meizonnet,Nicolas,,Nicolas_Meizonnet,37
PA720704,Vichnievsky,Laurence,,Laurence_Vichnievsky,65
PA267260,Poletti,Bérengère,1959-10-14,Bérengère_Poletti,61
PA642764,Aviragnet,Joël,1956-06-16,Joël_Aviragnet,64
PA721012,Kéclard-Mondésir,Manuéla,,Manuéla_Kéclard-Mondésir,49
PA721384,Fontenel-Personne,Pascale,,Pascale_Fontenel-Personne,58
PA605131,Castaner,Christophe,1966-01-03,Christophe_Castaner,55
PA722082,Ballet-Blu,Françoise,,Françoise_Ballet-Blu,
PA722280,Meyer,Philippe,,Philippe_Meyer_(homme_politique),51
PA333818,Hutin,Christian,1961-01-18,Christian_Hutin,60
PA774960,Santiago,Isabelle,,Isabelle_Santiago,55
PA720488,Six,Valérie,,Valérie_Six,
PA719946,Peltier,Guillaume,,Guillaume_Peltier,44
PA709315,Viala,Arnaud,1974-12-04,Arnaud_Viala,46
PA774954,Blin,Anne-Laure,,Anne-Laure_Blin,37
PA605694,Falorni,Olivier,1972-03-27,Olivier_Falorni,48
PA721046,Bassire,Nathalie,,Nathalie_Bassire,53
PA346876,Solère,Thierry,1971-08-17,Thierry_Solère,49
PA720928,Corceiro,David,,David_Corceiro,43
PA719258,Delpon,Michel,,Michel_Delpon,71
PA342935,Dubois,Marianne,1957-12-17,Marianne_Dubois,
PA720178,Garcia,Laurent,,Laurent_Garcia,50
PA606639,Vignal,Patrick,1958-01-22,Patrick_Vignal,63
PA605084,Krabal,Jacques,1948-04-10,Jacques_Krabal,72
PA717151,de Sarnez,Marielle,,Marielle_de Sarnez,
PA1206,Dupont-Aignan,Nicolas,1961-03-07,Nicolas_Dupont-Aignan,59
PA343493,Rouillard,Gwendal,1976-04-20,Gwendal_Rouillard,44
PA642724,Barbier,Frédéric,1960-08-30,Frédéric_Barbier_(homme_politique),60
PA2796,Teissier,Guy,1945-04-04,Guy_Teissier,75
PA719210,Joncour,Bruno,,Bruno_Joncour,67
PA721800,Matras,Fabien,,Fabien_Matras,36
PA721864,Zitouni,Souad,,Souad_Zitouni,46
PA721054,Lorion,David,,David_Lorion,56
PA759192,Poudroux,Jean-Luc,,Jean-Luc_Poudroux,70
PA998,Dassault,Olivier,1951-06-01,Olivier_Dassault,69
PA2529,Reitzer,Jean-Luc,1951-12-29,Jean-Luc_Reitzer,69
PA1630,Herbillon,Michel,1951-03-06,Michel_Herbillon,69
PA2492,Quentin,Didier,1946-12-23,Didier_Quentin,74
PA1029,Deflesselles,Bernard,1953-10-16,Bernard_Deflesselles,67
PA223837,Brochand,Bernard,1938-06-05,Bernard_Brochand,82
PA267794,Tabarot,Michèle,1962-10-13,Michèle_Tabarot,58
PA721636,Parigi,Jean-François,,Jean-François_Parigi,61
PA330788,Reynès,Bernard,1953-10-18,Bernard_Reynès,67
PA721070,Ramassamy,Nadia,,Nadia_Ramassamy,59
PA336439,Clément,Jean-Michel,1954-10-31,Jean-Michel_Clément,66
PA720038,Josso,Sandrine,,Sandrine_Josso,45
PA722358,Gassilloud,Thomas,,Thomas_Gassilloud,39
PA610654,Nilor,Jean-Philippe,1965-05-15,Jean-Philippe_Nilor,55
PA721174,Son-Forget,Joachim,,Joachim_Son-Forget,37
PA267337,Bouchet,Claire,,Claire_Bouchet,67
PA721538,Roques-Etienne,Muriel,,Muriel_Roques-Étienne,41
PA721576,Bouchet Bellecourt,Sylvie,,Sylvie_Bouchet Bellecourt,63
PA719020,Porte,Nathalie,,Nathalie_Porte,47
PA720672,Therry,Robert,,Robert_Therry,73
PA604,Bouley,Bernard,,Bernard_Bouley,70
PA774952,Benassaya,Philippe,,Philippe_Benassaya,56
PA774956,Hemedinger,Yves,,Yves_Hemedinger,55
PA719002,Ravier,Julien,,Julien_Ravier,42
PA720006,Geismar,Luc,,Luc_Geismar,
PA643004,Labille,Grégory,,Grégory_Labille,52
PA774958,Leseul,Gérard,,Gérard_Leseul,60
PA643192,Jourdan,Chantal,,Chantal_Jourdan,62
PA721768,Silin,Marie,,Marie_Silin,42
PA774962,Lebon,Karine,,Karine_Lebon,35
PA721666,Audibert,Edith,,Edith_Audibert,72
PA720802,Pujol,Catherine,,Catherine_Pujol_(femme_politique),60
