;idVotant;Genre;Nom;Prénom;date_naissance;wikilink;age;Identité;CSP
0;PA606171;M.;Ferrand;Richard;1962-07-01;Richard_Ferrand;58;Ferrand Richard;Cadres d'entreprise
1;PA721824;M.;Renson;Hugues;;Hugues_Renson;43;Renson Hugues;Cadres de la fonction publique, professions intellectuelles et artistiques
2;PA719952;M.;Mis;Jean-Michel;;Jean-Michel_Mis;53;Mis Jean-Michel;Cadres de la fonction publique, professions intellectuelles et artistiques
3;PA607395;M.;Travert;Stéphane;1969-10-12;Stéphane_Travert;51;Travert Stéphane;Cadres d'entreprise
4;PA718710;Mme;Boyer;Pascale;;Pascale_Boyer;55;Boyer Pascale;Sans profession déclarée
5;PA718802;M.;Perea;Alain;;Alain_Péréa;49;Perea Alain;Cadres de la fonction publique, professions intellectuelles et artistiques
6;PA719032;M.;Bouyx;Bertrand;;Bertrand_Bouyx;50;Bouyx Bertrand;Professions intermédiaires de l'enseignement, de la santé, de la fonction publique et assimilés
7;PA719100;M.;Ardouin;Jean-Philippe;;Jean-Philippe_Ardouin;56;Ardouin Jean-Philippe;Chefs d'entreprise de 10 salariés ou plus
8;PA719108;M.;Gérard;Raphaël;;Raphaël_Gérard;52;Gérard Raphaël;Cadres d'entreprise
9;PA719154;M.;Martin;Didier;;Didier_Martin;64;Martin Didier;Cadres de la fonction publique, professions intellectuelles et artistiques
10;PA719230;M.;Kerlogot;Yannick;;Yannick_Kerlogot;50;Kerlogot Yannick;Cadres de la fonction publique, professions intellectuelles et artistiques
11;PA719388;Mme;Le Meur;Annaïg;;Annaïg_Le Meur;47;Le Meur Annaïg;Artisans
12;PA719728;M.;Le Bohec;Gaël;;Gaël_Le Bohec;43;Le Bohec Gaël;Chefs d'entreprise de 10 salariés ou plus
13;PA719790;M.;Chalumeau;Philippe;;Philippe_Chalumeau;57;Chalumeau Philippe;Professions libérales et assimilés
14;PA719814;Mme;Colboc;Fabienne;;Fabienne_Colboc;49;Colboc Fabienne;Professions libérales et assimilés
15;PA719830;M.;Démoulin;Nicolas;;Nicolas_Démoulin;48;Démoulin Nicolas;Commerçants et assimilés
16;PA719882;Mme;Meynier-Millefert;Marjolaine;;Marjolaine_Meynier-Millefert;38;Meynier-Millefert Marjolaine;Professions libérales et assimilés
17;PA719960;Mme;Faure-Muntian;Valéria;;Valéria_Faure-Muntian;36;Faure-Muntian Valéria;Employés de commerce
18;PA720022;M.;Lauzzana;Michel;;Michel_Lauzzana;63;Lauzzana Michel;Professions libérales et assimilés
19;PA720030;M.;Freschi;Alexandre;;Alexandre_Freschi;41;Freschi Alexandre;Chefs d'entreprise de 10 salariés ou plus
20;PA720108;Mme;Oppelt;Valérie;;Valérie_Oppelt;47;Oppelt Valérie;Artisans
21;PA720146;M.;Masséglia;Denis;;Denis_Masséglia;39;Masséglia Denis;Cadres d'entreprise
22;PA720154;Mme;Dubré-Chirat;Nicole;;Nicole_Dubré-Chirat;69;Dubré-Chirat Nicole;Anciens cadres et professions intermédiaires
23;PA720268;M.;Damaisin;Olivier;;Olivier_Damaisin;54;Damaisin Olivier;Commerçants et assimilés
24;PA720754;M.;Studer;Bruno;;Bruno_Studer;42;Studer Bruno;Cadres de la fonction publique, professions intellectuelles et artistiques
25;PA721158;M.;Anglade;Pieyre-Alexandre;;Pieyre-Alexandre_Anglade;34;Anglade Pieyre-Alexandre;Cadres de la fonction publique, professions intellectuelles et artistiques
26;PA721450;Mme;Lenne;Marion;;Marion_Lenne;46;Lenne Marion;Cadres d'entreprise
27;PA721750;Mme;Calvez;Céline;;Céline_Calvez;41;Calvez Céline;Commerçants et assimilés
28;PA721776;M.;Baichère;Didier;;Didier_Baichère;50;Baichère Didier;Cadres d'entreprise
29;PA721844;Mme;Piron;Béatrice;;Béatrice_Piron;55;Piron Béatrice;Chefs d'entreprise de 10 salariés ou plus
30;PA722046;Mme;Bergé;Aurore;;Aurore_Bergé;34;Bergé Aurore;Cadres d'entreprise
31;PA722094;Mme;Hennion;Christine;;Christine_Hennion;65;Hennion Christine;Cadres d'entreprise
32;PA722170;Mme;Beaudouin-Hubiere;Sophie;;Sophie_Beaudouin-Hubière;48;Beaudouin-Hubiere Sophie;Inactifs divers (autres que retraités)
33;PA722228;M.;Leclabart;Jean-Claude;;Jean-Claude_Leclabart;66;Leclabart Jean-Claude;Anciens agriculteurs exploitants
34;PA722336;M.;Thiébaut;Vincent;;Vincent_Thiébaut;48;Thiébaut Vincent;Cadres d'entreprise
35;PA722194;Mme;Provendier;Florence;;Florence_Provendier;55;Provendier Florence;Cadres d'entreprise
36;PA721674;Mme;Atger;Stéphanie;;Stéphanie_Atger;45;Atger Stéphanie;Commerçants et assimilés
37;PA345722;Mme;Le Grip;Constance;;Constance_Le Grip;60;Le Grip Constance;Cadres de la fonction publique, professions intellectuelles et artistiques
38;PA720210;Mme;Beauvais;Valérie;;Valérie_Beauvais;57;Beauvais Valérie;Sans profession déclarée
39;PA720644;M.;Nury;Jérôme;;Jérôme_Nury;48;Nury Jérôme;Cadres de la fonction publique, professions intellectuelles et artistiques
40;PA608826;Mme;Duby-Muller;Virginie;1979-08-16;Virginie_Duby-Muller;41;Duby-Muller Virginie;Cadres d'entreprise
41;PA266797;M.;Gosselin;Philippe;1966-10-23;Philippe_Gosselin;54;Gosselin Philippe;Cadres de la fonction publique, professions intellectuelles et artistiques
42;PA719318;Mme;Anthoine;Emmanuelle;;Emmanuelle_Anthoine;56;Anthoine Emmanuelle;Professions libérales et assimilés
43;PA720630;M.;Minot;Maxime;;Maxime_Minot;33;Minot Maxime;Employés administratifs d'entreprise
44;PA721506;Mme;Kuster;Brigitte;;Brigitte_Kuster;61;Kuster Brigitte;Sans profession déclarée
45;PA266793;M.;Bony;Jean-Yves;;Jean-Yves_Bony;65;Bony Jean-Yves;Agriculteurs exploitants
46;PA720598;Mme;Deprez-Audebert;Marguerite;;Marguerite_Deprez-Audebert;68;Deprez-Audebert Marguerite;Anciens artisans, commerçants, chefs d'entreprise
47;PA342415;Mme;Battistel;Marie-Noëlle;1956-08-20;Marie-Noëlle_Battistel;64;Battistel Marie-Noëlle;Cadres d'entreprise
48;PA608741;Mme;Tolmont;Sylvie;1962-10-09;Sylvie_Tolmont;58;Tolmont Sylvie;Cadres de la fonction publique, professions intellectuelles et artistiques
49;PA340357;Mme;Victory;Michèle;;Michèle_Victory;62;Victory Michèle;Professions intermédiaires de l'enseignement, de la santé, de la fonction publique et assimilés
50;PA642868;M.;Christophe;Paul;;Paul_Christophe;50;Christophe Paul;Cadres de la fonction publique, professions intellectuelles et artistiques
51;PA267780;Mme;Firmin Le Bodo;Agnès;;Agnès_Firmin-Le_Bodo;52;Firmin Le Bodo Agnès;Professions libérales et assimilés
52;PA1838;M.;Lassalle;Jean;1955-05-03;Jean_Lassalle;65;Lassalle Jean;Ouvriers agricoles
53;PA721194;Mme;Dumas;Frédérique;;Frédérique_Dumas;57;Dumas Frédérique;Commerçants et assimilés
54;PA722268;Mme;Wonner;Martine;;Martine_Wonner;56;Wonner Martine;Cadres d'entreprise
55;PA719608;Mme;Ménard;Emmanuelle;;Emmanuelle_Ménard;52;Ménard Emmanuelle;Cadres d'entreprise
56;PA721852;Mme;Lebec;Marie;;Marie_Lebec;30;Lebec Marie;Cadres d'entreprise
57;PA719024;M.;Blanchet;Christophe;;Christophe_Blanchet;47;Blanchet Christophe;Commerçants et assimilés
58;PA719080;Mme;Marsaud;Sandra;;Sandra_Marsaud;47;Marsaud Sandra;Cadres d'entreprise
59;PA719170;Mme;Charvier;Fannette;;Fannette_Charvier;36;Charvier Fannette;Employés administratifs d'entreprise
60;PA719372;M.;Kasbarian;Guillaume;;Guillaume_Kasbarian;34;Kasbarian Guillaume;Cadres d'entreprise
61;PA719420;M.;Sommer;Denis;;Denis_Sommer;63;Sommer Denis;Cadres de la fonction publique, professions intellectuelles et artistiques
62;PA719684;Mme;Dubost;Coralie;;Coralie_Dubost;37;Dubost Coralie;Cadres d'entreprise
63;PA719850;Mme;Motin;Cendra;;Cendra_Motin;46;Motin Cendra;Professions libérales et assimilés
64;PA720298;Mme;Cariou;Émilie;;Émilie_Cariou;49;Cariou Émilie;Cadres de la fonction publique, professions intellectuelles et artistiques
65;PA720830;Mme;Thomas;Valérie;;Valérie_Thomas;53;Thomas Valérie;Professions libérales et assimilés
66;PA721134;M.;Lescure;Roland;;Roland_Lescure;54;Lescure Roland;Cadres d'entreprise
67;PA721344;M.;Bonnell;Bruno;;Bruno_Bonnell;62;Bonnell Bruno;Chefs d'entreprise de 10 salariés ou plus
68;PA721542;Mme;Verdier-Jouclas;Marie-Christine;;Marie-Christine_Verdier-Jouclas;55;Verdier-Jouclas Marie-Christine;Cadres d'entreprise
69;PA722382;M.;Dirx;Benjamin;;Benjamin_Dirx;42;Dirx Benjamin;Commerçants et assimilés
70;PA1327;M.;Forissier;Nicolas;;Nicolas_Forissier;60;Forissier Nicolas;Chefs d'entreprise de 10 salariés ou plus
71;PA608016;Mme;Louwagie;Véronique;1961-03-20;Véronique_Louwagie;59;Louwagie Véronique;Professions libérales et assimilés
72;PA718978;M.;Laqhila;Mohamed;;Mohamed_Laqhila;61;Laqhila Mohamed;Professions libérales et assimilés
73;PA720652;M.;Duvergé;Bruno;;Bruno_Duvergé;63;Duvergé Bruno;Cadres d'entreprise
74;PA607553;M.;Potier;Dominique;1964-03-17;Dominique_Potier;56;Potier Dominique;Agriculteurs exploitants
75;PA719930;M.;Vallaud;Boris;;Boris_Vallaud;45;Vallaud Boris;Cadres de la fonction publique, professions intellectuelles et artistiques
76;PA720422;M.;Quatennens;Adrien;;Adrien_Quatennens;30;Quatennens Adrien;Professions intermédiaires administratives et commerciales des entreprises
77;PA720846;M.;Lachaud;Bastien;;Bastien_Lachaud;40;Lachaud Bastien;Cadres de la fonction publique, professions intellectuelles et artistiques
78;PA720892;Mme;Panot;Mathilde;;Mathilde_Panot;32;Panot Mathilde;Cadres d'entreprise
79;PA721202;M.;Coquerel;Éric;;Éric_Coquerel;62;Coquerel Éric;Professions libérales et assimilés
80;PA721210;M.;Corbière;Alexis;;Alexis_Corbière;52;Corbière Alexis;Cadres de la fonction publique, professions intellectuelles et artistiques
81;PA718926;M.;Dharréville;Pierre;;Pierre_Dharréville;45;Dharréville Pierre;Professions intermédiaires administratives et commerciales des entreprises
82;PA721270;M.;Peu;Stéphane;;Stéphane_Peu;58;Peu Stéphane;Employés administratifs d'entreprise
83;PA331582;M.;Vigier;Philippe;1958-02-03;Philippe_Vigier;63;Vigier Philippe;Professions libérales et assimilés
84;PA643127;M.;Questel;Bruno;;Bruno_Questel;54;Questel Bruno;Professions libérales et assimilés
85;PA720790;M.;Grau;Romain;;Romain_Grau;46;Grau Romain;Professions libérales et assimilés
86;PA607595;M.;Pellois;Hervé;1951-04-17;Hervé_Pellois;69;Pellois Hervé;Cadres d'entreprise
87;PA720492;Mme;Osson;Catherine;;Catherine_Osson;47;Osson Catherine;Cadres de la fonction publique, professions intellectuelles et artistiques
88;PA718954;M.;Ahamada;Saïd;;Saïd_Ahamada;48;Ahamada Saïd;Professions intermédiaires de l'enseignement, de la santé, de la fonction publique et assimilés
89;PA719186;Mme;Khattabi;Fadila;;Fadila_Khattabi;59;Khattabi Fadila;Cadres de la fonction publique, professions intellectuelles et artistiques
90;PA719242;M.;Moreau;Jean-Baptiste;;Jean-Baptiste_Moreau;;Moreau Jean-Baptiste;Agriculteurs exploitants
91;PA719472;M.;Cazeneuve;Jean-René;;Jean-René_Cazeneuve;62;Cazeneuve Jean-René;Cadres d'entreprise
92;PA719540;Mme;Toutut-Picard;Élisabeth;;Élisabeth_Toutut-Picard;66;Toutut-Picard Élisabeth;Cadres de la fonction publique, professions intellectuelles et artistiques
93;PA719616;M.;Euzet;Christophe;;Christophe_Euzet;53;Euzet Christophe;Cadres de la fonction publique, professions intellectuelles et artistiques
94;PA719710;Mme;David;Dominique;;Dominique_David;;David Dominique;Cadres d'entreprise
95;PA719740;M.;Colas-Roy;Jean-Charles;;Jean-Charles_Colas-Roy;42;Colas-Roy Jean-Charles;Cadres d'entreprise
96;PA719756;Mme;Cloarec-Le Nabour;Christine;;Christine_Cloarec-Le Nabour;56;Cloarec-Le Nabour Christine;Professions intermédiaires de l'enseignement, de la santé, de la fonction publique et assimilés
97;PA719798;M.;Labaronne;Daniel;;Daniel_Labaronne;65;Labaronne Daniel;Cadres de la fonction publique, professions intellectuelles et artistiques
98;PA719890;Mme;Brulebois;Danielle;;Danielle_Brulebois;73;Brulebois Danielle;Anciens cadres et professions intermédiaires
99;PA719922;M.;Causse;Lionel;;Lionel_Causse;49;Causse Lionel;Cadres d'entreprise
100;PA719994;Mme;Kamowski;Catherine;;Catherine_Kamowski;62;Kamowski Catherine;Cadres de la fonction publique, professions intellectuelles et artistiques
101;PA643175;Mme;Dupont;Stella;;Stella_Dupont;47;Dupont Stella;Cadres d'entreprise
102;PA720222;M.;Girardin;Éric;;Éric_Girardin;59;Girardin Éric;Professions libérales et assimilés
103;PA720362;M.;Belhaddad;Belkhir;;Belkhir_Belhaddad;51;Belhaddad Belkhir;Chefs d'entreprise de 10 salariés ou plus
104;PA720446;Mme;Liso;Brigitte;;Brigitte_Liso;61;Liso Brigitte;Commerçants et assimilés
105;PA720500;Mme;Petit;Valérie;;Valérie_Petit;44;Petit Valérie;Cadres de la fonction publique, professions intellectuelles et artistiques
106;PA720520;Mme;Cattelot;Anne-Laure;;Anne-Laure_Cattelot;32;Cattelot Anne-Laure;Cadres de la fonction publique, professions intellectuelles et artistiques
107;PA720622;Mme;Bureau-Bonnard;Carole;;Carole_Bureau-Bonnard;55;Bureau-Bonnard Carole;Professions libérales et assimilés
108;PA720738;M.;Michels;Thierry;;Thierry_Michels;;Michels Thierry;Cadres d'entreprise
109;PA720862;M.;Descrozaille;Frédéric;;Frédéric_Descrozaille;53;Descrozaille Frédéric;Cadres d'entreprise
110;PA720878;M.;Saint-Martin;Laurent;;Laurent_Saint-Martin;35;Saint-Martin Laurent;Cadres d'entreprise
111;PA720900;Mme;Rilhac;Cécile;;Cécile_Rilhac;46;Rilhac Cécile;Cadres de la fonction publique, professions intellectuelles et artistiques
112;PA720908;Mme;Moutchou;Naïma;;Naïma_Moutchou;40;Moutchou Naïma;Professions libérales et assimilés
113;PA721150;M.;Holroyd;Alexandre;;Alexandre_Holroyd;33;Holroyd Alexandre;Anciens cadres et professions intermédiaires
114;PA721246;Mme;Gaillot;Albane;;Albane_Gaillot;49;Gaillot Albane;Cadres d'entreprise
115;PA721584;M.;Terlier;Jean;;Jean_Terlier;43;Terlier Jean;Professions libérales et assimilés
116;PA721656;Mme;Muschotti;Cécile;;Cécile_Muschotti;33;Muschotti Cécile;Cadres de la fonction publique, professions intellectuelles et artistiques
117;PA721916;Mme;Pouzyreff;Natalia;;Natalia_Pouzyreff;60;Pouzyreff Natalia;Cadres de la fonction publique, professions intellectuelles et artistiques
118;PA722150;M.;Houlié;Sacha;;Sacha_Houlié;32;Houlié Sacha;Professions libérales et assimilés
119;PA722366;M.;Fugit;Jean-Luc;;Jean-Luc_Fugit;51;Fugit Jean-Luc;Cadres de la fonction publique, professions intellectuelles et artistiques
120;PA642695;M.;Bothorel;Éric;1966-10-20;Éric_Bothorel;54;Bothorel Éric;Cadres d'entreprise
121;PA1874;M.;Le Fur;Marc;1956-11-28;Marc_Le Fur;64;Le Fur Marc;Cadres de la fonction publique, professions intellectuelles et artistiques
122;PA746;M.;Carrez;Gilles;1948-08-29;Gilles_Carrez;72;Carrez Gilles;Cadres de la fonction publique, professions intellectuelles et artistiques
123;PA266808;M.;Rolland;Vincent;;Vincent_Rolland;51;Rolland Vincent;Cadres de la fonction publique, professions intellectuelles et artistiques
124;PA2960;M.;Woerth;Éric;1956-01-29;Éric_Woerth;65;Woerth Éric;Cadres d'entreprise
125;PA718850;M.;Cordier;Pierre;;Pierre_Cordier_(homme_politique);48;Cordier Pierre;Cadres de la fonction publique, professions intellectuelles et artistiques
126;PA266776;M.;Reiss;Frédéric;1949-11-12;Frédéric_Reiss;71;Reiss Frédéric;Cadres de la fonction publique, professions intellectuelles et artistiques
127;PA605036;M.;Abad;Damien;1980-04-05;Damien_Abad;40;Abad Damien;Sans profession déclarée
128;PA330008;M.;Breton;Xavier;1962-11-25;Xavier_Breton;58;Breton Xavier;Cadres d'entreprise
129;PA267450;M.;Delatte;Rémi;1956-06-09;Rémi_Delatte;64;Delatte Rémi;Agriculteurs exploitants
130;PA605991;Mme;Genevard;Annie;1956-09-07;Annie_Genevard;64;Genevard Annie;Cadres de la fonction publique, professions intellectuelles et artistiques
131;PA719272;Mme;Meunier;Frédérique;;Frédérique_Meunier;60;Meunier Frédérique;Professions libérales et assimilés
132;PA720386;M.;Di Filippo;Fabien;;Fabien_Di Filippo;34;Di Filippo Fabien;
133;PA642847;M.;Bazin;Thibault;;Thibault_Bazin;36;Bazin Thibault;Cadres d'entreprise
134;PA721678;M.;Reda;Robin;;Robin_Reda;29;Reda Robin;Sans profession déclarée
135;PA720746;M.;Waserman;Sylvain;;Sylvain_Waserman;53;Waserman Sylvain;Chefs d'entreprise de 10 salariés ou plus
136;PA720334;M.;Pahun;Jimmy;;Jimmy_Pahun;58;Pahun Jimmy;Professions intermédiaires de l'enseignement, de la santé, de la fonction publique et assimilés
137;PA720728;M.;Mattei;Jean-Paul;;Jean-Paul_Mattei;66;Mattei Jean-Paul;Professions libérales et assimilés
138;PA721924;Mme;de Vaucouleurs;Michèle;;Michèle_de Vaucouleurs;57;de Vaucouleurs Michèle;Cadres d'entreprise
139;PA719918;M.;Lainé;Fabien;;Fabien_Lainé;44;Lainé Fabien;Professions intermédiaires administratives et commerciales des entreprises
140;PA340343;M.;Saulignac;Hervé;;Hervé_Saulignac;50;Saulignac Hervé;Cadres de la fonction publique, professions intellectuelles et artistiques
141;PA605069;M.;Bricout;Jean-Louis;1957-12-27;Jean-Louis_Bricout;63;Bricout Jean-Louis;Cadres d'entreprise
142;PA332614;M.;Juanico;Régis;1972-02-05;Régis_Juanico;49;Juanico Régis;Cadres de la fonction publique, professions intellectuelles et artistiques
143;PA608172;Mme;Pires Beaune;Christine;1964-10-06;Christine_Pires Beaune;56;Pires Beaune Christine;Cadres de la fonction publique, professions intellectuelles et artistiques
144;PA609590;Mme;Rabault;Valérie;1973-04-25;Valérie_Rabault;47;Rabault Valérie;Cadres d'entreprise
145;PA2952;M.;Warsmann;Jean-Luc;1965-10-22;Jean-Luc_Warsmann;55;Warsmann Jean-Luc;Inactifs divers (autres que retraités)
146;PA720230;Mme;Magnier;Lise;;Lise_Magnier;36;Magnier Lise;Cadres de la fonction publique, professions intellectuelles et artistiques
147;PA721632;Mme;Lemoine;Patricia;;Patricia_Lemoine;59;Lemoine Patricia;Cadres d'entreprise
148;PA942;M.;de Courson;Charles;1952-04-02;Charles_de Courson;68;de Courson Charles;Cadres de la fonction publique, professions intellectuelles et artistiques
149;PA405480;M.;Pupponi;François;1962-07-31;François_Pupponi;58;Pupponi François;Cadres de la fonction publique, professions intellectuelles et artistiques
150;PA607619;M.;Molac;Paul;1962-05-21;Paul_Molac;58;Molac Paul;Cadres de la fonction publique, professions intellectuelles et artistiques
151;PA719138;M.;Castellani;Michel;;Michel_Castellani_(homme_politique);75;Castellani Michel;Cadres de la fonction publique, professions intellectuelles et artistiques
152;PA718720;M.;Dufrègne;Jean-Paul;;Jean-Paul_Dufrègne;62;Dufrègne Jean-Paul;Cadres d'entreprise
153;PA332747;M.;de Rugy;François;1973-12-06;François_de Rugy;47;de Rugy François;Cadres de la fonction publique, professions intellectuelles et artistiques
154;PA722398;M.;Rebeyrotte;Rémy;;Rémy_Rebeyrotte;54;Rebeyrotte Rémy;Cadres de la fonction publique, professions intellectuelles et artistiques
155;PA719118;M.;Cormier-Bouligeon;François;;François_Cormier-Bouligeon;48;Cormier-Bouligeon François;Cadres de la fonction publique, professions intellectuelles et artistiques
156;PA719668;Mme;Mirallès;Patricia;;Patricia_Mirallès;53;Mirallès Patricia;Employés de la fonction publique
157;PA605963;M.;Alauzet;Éric;1958-06-07;Éric_Alauzet;62;Alauzet Éric;Professions libérales et assimilés
158;PA718674;Mme;Givernet;Olga;;Olga_Givernet;39;Givernet Olga;Cadres d'entreprise
159;PA718694;M.;Delatte;Marc;;Marc_Delatte;59;Delatte Marc;Professions libérales et assimilés
160;PA718736;Mme;Peyrol;Bénédicte;;Bénédicte_Peyrol;29;Peyrol Bénédicte;Cadres d'entreprise
161;PA718930;Mme;Petel;Anne-Laurence;;Anne-Laurence_Petel;51;Petel Anne-Laurence;Cadres d'entreprise
162;PA718962;M.;Zulesi;Jean-Marc;;Jean-Marc_Zulesi;32;Zulesi Jean-Marc;Cadres d'entreprise
163;PA719006;M.;Le Vigoureux;Fabrice;;Fabrice_Le Vigoureux;51;Le Vigoureux Fabrice;Cadres de la fonction publique, professions intellectuelles et artistiques
164;PA719060;M.;Jerretie;Christophe;;Christophe_Jerretie;41;Jerretie Christophe;Professions libérales et assimilés
165;PA719092;Mme;Tuffnell;Frédérique;;Frédérique_Tuffnell;64;Tuffnell Frédérique;Cadres d'entreprise
166;PA719162;Mme;Dubois;Jacqueline;;Jacqueline_Dubois;63;Dubois Jacqueline;Anciens cadres et professions intermédiaires
167;PA719250;M.;Chassaing;Philippe;;Philippe_Chassaing;48;Chassaing Philippe;Professions intermédiaires de l'enseignement, de la santé, de la fonction publique et assimilés
168;PA719338;Mme;Melchior;Graziella;;Graziella_Melchior;;Melchior Graziella;Cadres de la fonction publique, professions intellectuelles et artistiques
169;PA719412;Mme;Le Feur;Sandrine;;Sandrine_Le Feur;29;Le Feur Sandrine;Agriculteurs exploitants
170;PA719980;M.;Borowczyk;Julien;;Julien_Borowczyk;41;Borowczyk Julien;Professions libérales et assimilés
171;PA720054;M.;Haury;Yannick;;Yannick_Haury;66;Haury Yannick;Professions libérales et assimilés
172;PA720214;Mme;Kuric;Aina;;Aina_Kuric;33;Kuric Aina;Commerçants et assimilés
173;PA720318;Mme;Zannier;Hélène;;Hélène_Zannier;48;Zannier Hélène;Cadres de la fonction publique, professions intellectuelles et artistiques
174;PA720378;M.;Lioger;Richard;;Richard_Lioger;;Lioger Richard;Cadres de la fonction publique, professions intellectuelles et artistiques
175;PA720394;Mme;Trisse;Nicole;;Nicole_Gries-Trisse;57;Trisse Nicole;Professions intermédiaires de l'enseignement, de la santé, de la fonction publique et assimilés
176;PA720560;Mme;Goulet;Perrine;;Perrine_Goulet;42;Goulet Perrine;Cadres d'entreprise
177;PA720576;M.;Bois;Pascal;;Pascal_Bois;61;Bois Pascal;Cadres d'entreprise
178;PA720590;M.;Potterie;Benoit;;Benoît_Potterie;53;Potterie Benoit;Chefs d'entreprise de 10 salariés ou plus
179;PA720780;M.;Sempastous;Jean-Bernard;;Jean-Bernard_Sempastous;56;Sempastous Jean-Bernard;Cadres de la fonction publique, professions intellectuelles et artistiques
180;PA720870;M.;Mbaye;Jean François;;Jean François_Mbaye;42;Mbaye Jean François;
181;PA721218;Mme;Charrière;Sylvie;;Sylvie_Charrière;59;Charrière Sylvie;Cadres de la fonction publique, professions intellectuelles et artistiques
182;PA721466;M.;Le Gendre;Gilles;;Gilles_Le Gendre;62;Le Gendre Gilles;Cadres d'entreprise
183;PA721498;M.;Guerini;Stanislas;;Stanislas_Guerini;38;Guerini Stanislas;Cadres d'entreprise
184;PA721514;Mme;Kerbarh;Stéphanie;;Stéphanie_Kerbarh;45;Kerbarh Stéphanie;Professions libérales et assimilés
185;PA721568;M.;Person;Pierre;;Pierre_Person;32;Person Pierre;Cadres d'entreprise
186;PA721616;M.;Rupin;Pacôme;;Pacôme_Rupin;36;Rupin Pacôme;Professions libérales et assimilés
187;PA721644;M.;Kokouendo;Rodrigue;;Rodrigue_Kokouendo;46;Kokouendo Rodrigue;Cadres d'entreprise
188;PA721726;Mme;Mauborgne;Sereine;;Sereine_Mauborgne;48;Mauborgne Sereine;Professions intermédiaires de l'enseignement, de la santé, de la fonction publique et assimilés
189;PA721784;Mme;Gomez-Bassac;Valérie;;Valérie_Gomez-Bassac;51;Gomez-Bassac Valérie;Cadres de la fonction publique, professions intellectuelles et artistiques
190;PA721946;M.;Marilossian;Jacques;;Jacques_Marilossian;62;Marilossian Jacques;Cadres d'entreprise
191;PA722008;Mme;Leguille-Balloy;Martine;;Martine_Leguille-Balloy;63;Leguille-Balloy Martine;Professions libérales et assimilés
192;PA722244;Mme;Magne;Marie-Ange;;Marie-Ange_Magne;33;Magne Marie-Ange;Cadres de la fonction publique, professions intellectuelles et artistiques
193;PA724827;Mme;Ali;Ramlati;;Ramlati_Ali;59;Ali Ramlati;Cadres de la fonction publique, professions intellectuelles et artistiques
194;PA332523;Mme;Dalloz;Marie-Christine;1958-01-10;Marie-Christine_Dalloz;63;Dalloz Marie-Christine;Sans profession déclarée
195;PA721410;Mme;Bonnivard;Émilie;;Émilie_Bonnivard;40;Bonnivard Émilie;Cadres d'entreprise
196;PA608416;M.;Hetzel;Patrick;1964-07-02;Patrick_Hetzel;56;Hetzel Patrick;Cadres de la fonction publique, professions intellectuelles et artistiques
197;PA721286;M.;Ramadier;Alain;;Alain_Ramadier;62;Ramadier Alain;Cadres d'entreprise
198;PA721734;M.;Michel-Kleisbauer;Philippe;;Philippe_Michel-Kleisbauer;51;Michel-Kleisbauer Philippe;Professions libérales et assimilés
199;PA719640;Mme;Mette;Sophie;;Sophie_Mette;61;Mette Sophie;Sans profession déclarée
200;PA720720;Mme;Poueyto;Josy;;Josy_Poueyto;67;Poueyto Josy;Anciens cadres et professions intermédiaires
201;PA721234;Mme;Petit;Maud;;Maud_Petit;49;Petit Maud;Contremaîtres, agents de maîtrise
202;PA721836;M.;Barrot;Jean-Noël;;Jean-Noël_Barrot;37;Barrot Jean-Noël;Cadres de la fonction publique, professions intellectuelles et artistiques
203;PA721976;M.;Millienne;Bruno;;Bruno_Millienne;61;Millienne Bruno;Cadres d'entreprise
204;PA333421;M.;Pancher;Bertrand;1958-06-05;Bertrand_Pancher;62;Pancher Bertrand;Cadres d'entreprise
205;PA721062;M.;Ratenon;Jean-Hugues;;Jean-Hugues_Ratenon;53;Ratenon Jean-Hugues;Employés de commerce
206;PA722142;M.;Ruffin;François;;François_Ruffin;45;Ruffin François;Cadres de la fonction publique, professions intellectuelles et artistiques
207;PA720692;M.;Roussel;Fabien;;Fabien_Roussel;51;Roussel Fabien;Employés de la fonction publique
208;PA721296;M.;Gouffier-Cha;Guillaume;;Guillaume_Gouffier-Cha;35;Gouffier-Cha Guillaume;Cadres de la fonction publique, professions intellectuelles et artistiques
209;PA718810;Mme;Robert;Mireille;;Mireille_Robert;58;Robert Mireille;Professions intermédiaires de l'enseignement, de la santé, de la fonction publique et assimilés
210;PA677483;M.;Mazars;Stéphane;1969-03-25;Stéphane_Mazars;51;Mazars Stéphane;Professions libérales et assimilés
211;PA719202;M.;Paris;Didier;;Didier_Paris;67;Paris Didier;Cadres d'entreprise
212;PA719294;Mme;Clapot;Mireille;;Mireille_Clapot;57;Clapot Mireille;Cadres de la fonction publique, professions intellectuelles et artistiques
213;PA719866;Mme;Abadie;Caroline;;Caroline_Abadie;44;Abadie Caroline;Cadres d'entreprise
214;PA720124;Mme;Amadou;Aude;;Aude_Amadou;40;Amadou Aude;Anciens cadres et professions intermédiaires
215;PA720454;M.;Houbron;Dimitri;;Dimitri_Houbron;30;Houbron Dimitri;Employés de la fonction publique
216;PA720806;Mme;Gayte;Laurence;;Laurence_Gayte;55;Gayte Laurence;Cadres d'entreprise
217;PA721024;Mme;Genetet;Anne;;Anne_Genetet;57;Genetet Anne;Professions libérales et assimilés
218;PA721352;Mme;Cazarian;Danièle;;Danièle_Cazarian;55;Cazarian Danièle;Chefs d'entreprise de 10 salariés ou plus
219;PA721888;M.;Raphan;Pierre-Alain;;Pierre-Alain_Raphan;37;Raphan Pierre-Alain;Chefs d'entreprise de 10 salariés ou plus
220;PA721908;Mme;Braun-Pivet;Yaël;;Yaël_Braun-Pivet;50;Braun-Pivet Yaël;Professions libérales et assimilés
221;PA722070;M.;Henriet;Pierre;;Pierre_Henriet;29;Henriet Pierre;Professions intermédiaires de l'enseignement, de la santé, de la fonction publique et assimilés
222;PA718784;M.;Pauget;Éric;;Éric_Pauget;50;Pauget Éric;Cadres d'entreprise
223;PA721984;M.;Latombe;Philippe;;Philippe_Latombe;45;Latombe Philippe;Cadres d'entreprise
224;PA721486;M.;Naegelen;Christophe;;Christophe_Naegelen;37;Naegelen Christophe;Chefs d'entreprise de 10 salariés ou plus
225;PA718868;M.;Larive;Michel;;Michel_Larive;54;Larive Michel;Professions intermédiaires de l'enseignement, de la santé, de la fonction publique et assimilés
226;PA720430;M.;Bernalicis;Ugo;;Ugo_Bernalicis;31;Bernalicis Ugo;Employés de la fonction publique
227;PA721960;Mme;Obono;Danièle;;Danièle_Obono;40;Obono Danièle;Cadres de la fonction publique, professions intellectuelles et artistiques
228;PA722202;M.;Jumel;Sébastien;;Sébastien_Jumel;49;Jumel Sébastien;Cadres de la fonction publique, professions intellectuelles et artistiques
229;PA720546;M.;Bruneel;Alain;;Alain_Bruneel;68;Bruneel Alain;Anciens cadres et professions intermédiaires
230;PA755549;M.;Brial;Sylvain;;Sylvain_Brial;56;Brial Sylvain;Chefs d'entreprise de 10 salariés ou plus
231;PA721932;Mme;Lorho;Marie-France;;Marie-France_Lorho;56;Lorho Marie-France;Professions intermédiaires administratives et commerciales des entreprises
232;PA721262;M.;Vuilletet;Guillaume;;Guillaume_Vuilletet;53;Vuilletet Guillaume;Cadres d'entreprise
233;PA606202;Mme;Dumas;Françoise;1960-04-12;Françoise_Dumas;60;Dumas Françoise;Cadres de la fonction publique, professions intellectuelles et artistiques
234;PA717379;M.;Maillard;Sylvain;;Sylvain_Maillard;46;Maillard Sylvain;Chefs d'entreprise de 10 salariés ou plus
235;PA719440;M.;Cellier;Anthony;;Anthony_Cellier;45;Cellier Anthony;Cadres d'entreprise
236;PA719512;Mme;Vignon;Corinne;;Corinne_Vignon;57;Vignon Corinne;Cadres d'entreprise
237;PA721142;Mme;Forteza;Paula;;Paula_Forteza;34;Forteza Paula;Cadres d'entreprise
238;PA721278;M.;Anato;Patrice;;Patrice_Anato;44;Anato Patrice;Professions libérales et assimilés
239;PA721426;Mme;Riotton;Véronique;;Véronique_Riotton;51;Riotton Véronique;Cadres d'entreprise
240;PA721434;Mme;Lardet;Frédérique;;Frédérique_Lardet;54;Lardet Frédérique;Cadres d'entreprise
241;PA721710;Mme;Peyron;Michèle;;Michèle_Peyron;59;Peyron Michèle;Cadres d'entreprise
242;PA722038;M.;Adam;Damien;;Damien_Adam;31;Adam Damien;Cadres d'entreprise
243;PA722292;M.;Rudigoz;Thomas;;Thomas_Rudigoz;50;Rudigoz Thomas;Sans profession déclarée
244;PA721742;Mme;Florennes;Isabelle;;Isabelle_Florennes;53;Florennes Isabelle;Cadres de la fonction publique, professions intellectuelles et artistiques
245;PA722374;M.;Isaac-Sibille;Cyrille;;Cyrille_Isaac-Sibille;62;Isaac-Sibille Cyrille;Professions libérales et assimilés
246;PA720468;M.;Chenu;Sébastien;;Sébastien_Chenu;47;Chenu Sébastien;Cadres d'entreprise
247;PA718728;Mme;Vanceunebrock;Laurence;;Laurence_Vanceunebrock;50;Vanceunebrock Laurence;Employés de la fonction publique
248;PA672;M.;Bridey;Jean-Jacques;1953-05-07;Jean-Jacques_Bridey;67;Bridey Jean-Jacques;Cadres d'entreprise
249;PA718756;Mme;Bono-Vandorme;Aude;;Aude_Bono-Vandorme;58;Bono-Vandorme Aude;Cadres de la fonction publique, professions intellectuelles et artistiques
250;PA719350;Mme;Tamarelle-Verhaeghe;Marie;;Marie_Tamarelle-Verhaeghe;58;Tamarelle-Verhaeghe Marie;Cadres de la fonction publique, professions intellectuelles et artistiques
251;PA719364;Mme;O'Petit;Claire;;Claire_O'Petit;71;O'Petit Claire;Anciens artisans, commerçants, chefs d'entreprise
252;PA719550;Mme;Tanguy;Liliana;;Liliana_Tanguy;53;Tanguy Liliana;Cadres de la fonction publique, professions intellectuelles et artistiques
253;PA719692;M.;Eliaou;Jean-François;;Jean-François_Eliaou;64;Eliaou Jean-François;Cadres de la fonction publique, professions intellectuelles et artistiques
254;PA719770;M.;Bachelier;Florian;;Florian_Bachelier;41;Bachelier Florian;Chefs d'entreprise de 10 salariés ou plus
255;PA719858;Mme;Limon;Monique;;Monique_Limon;67;Limon Monique;Anciens cadres et professions intermédiaires
256;PA720116;Mme;Brunet;Anne-France;;Anne-France_Brunet;58;Brunet Anne-France;Professions libérales et assimilés
257;PA720170;Mme;Grandjean;Carole;;Carole_Grandjean;37;Grandjean Carole;Cadres d'entreprise
258;PA720202;Mme;Krimi;Sonia;;Sonia_Krimi;38;Krimi Sonia;Cadres d'entreprise
259;PA720854;M.;Testé;Stéphane;;Stéphane_Testé;52;Testé Stéphane;Cadres de la fonction publique, professions intellectuelles et artistiques
260;PA720960;M.;Serva;Olivier;;Olivier_Serva;46;Serva Olivier;Professions libérales et assimilés
261;PA721328;Mme;Brugnera;Anne;;Anne_Brugnera;50;Brugnera Anne;Cadres de la fonction publique, professions intellectuelles et artistiques
262;PA721600;Mme;Rossi;Laurianne;;Laurianne_Rossi;36;Rossi Laurianne;Cadres d'entreprise
263;PA722022;Mme;Romeiro Dias;Laëtitia;;Laëtitia_Romeiro Dias;40;Romeiro Dias Laëtitia;Cadres d'entreprise
264;PA722062;Mme;Granjus;Florence;;Florence_Granjus;58;Granjus Florence;Cadres de la fonction publique, professions intellectuelles et artistiques
265;PA722178;M.;Maire;Jacques;;Jacques_Maire_(homme_politique);58;Maire Jacques;Cadres de la fonction publique, professions intellectuelles et artistiques
266;PA702054;M.;Claireaux;Stéphane;1964-06-23;Stéphane_Claireaux;56;Claireaux Stéphane;Commerçants et assimilés
267;PA719326;Mme;Gipson;Séverine;;Séverine_Gipson;50;Gipson Séverine;Cadres d'entreprise
268;PA722090;Mme;Pételle;Bénédicte;;Bénédicte_Pételle;49;Pételle Bénédicte;Professions intermédiaires de l'enseignement, de la santé, de la fonction publique et assimilés
269;PA720516;Mme;Morlighem;Florence;;Florence_Morlighem;50;Morlighem Florence;Cadres d'entreprise
270;PA719736;Mme;Galliard-Minier;Camille;;Camille_Galliard-Minier;45;Galliard-Minier Camille;Professions libérales et assimilés
271;PA606098;M.;Marleix;Olivier;1971-02-06;Olivier_Marleix;50;Marleix Olivier;Cadres de la fonction publique, professions intellectuelles et artistiques
272;PA721816;M.;Boucard;Ian;;Ian_Boucard;32;Boucard Ian;Cadres de la fonction publique, professions intellectuelles et artistiques
273;PA643089;M.;Thiériot;Jean-Louis;;Jean-Louis_Thiériot;51;Thiériot Jean-Louis;Professions libérales et assimilés
274;PA721832;Mme;Boëlle;Sandra;;Sandra_Boëlle;59;Boëlle Sandra;Inactifs divers (autres que retraités)
275;PA722308;Mme;Serre;Nathalie;;Nathalie_Serre;52;Serre Nathalie;Sans profession déclarée
276;PA719488;M.;Berta;Philippe;;Philippe_Berta;60;Berta Philippe;Cadres de la fonction publique, professions intellectuelles et artistiques
277;PA720256;Mme;Bannier;Géraldine;;Géraldine_Bannier;41;Bannier Géraldine;Cadres de la fonction publique, professions intellectuelles et artistiques
278;PA720326;M.;Hammouche;Brahim;;Brahim_Hammouche;49;Hammouche Brahim;Professions libérales et assimilés
279;PA721182;M.;Petit;Frédéric;;Frédéric_Petit_(homme_politique,_1961);60;Petit Frédéric;Cadres d'entreprise
280;PA722162;M.;Turquois;Nicolas;;Nicolas_Turquois;48;Turquois Nicolas;Agriculteurs exploitants
281;PA720568;Mme;Thill;Agnès;;Agnès_Thill;56;Thill Agnès;Professions intermédiaires de l'enseignement, de la santé, de la fonction publique et assimilés
282;PA342601;M.;Brindeau;Pascal;;Pascal_Brindeau;46;Brindeau Pascal;Cadres d'entreprise
283;PA720286;Mme;Fiat;Caroline;;Caroline_Fiat;44;Fiat Caroline;Ouvriers qualifiés
284;PA722126;M.;Chiche;Guillaume;;Guillaume_Chiche;34;Chiche Guillaume;Cadres d'entreprise
285;PA721896;Mme;Faucillon;Elsa;;Elsa_Faucillon;39;Faucillon Elsa;Employés administratifs d'entreprise
286;PA719194;Mme;de Courson;Yolaine;;Yolaine_de Courson;66;de Courson Yolaine;Anciens artisans, commerçants, chefs d'entreprise
287;PA720162;M.;Bolo;Philippe;;Philippe_Bolo;53;Bolo Philippe;Cadres d'entreprise
288;PA336175;Mme;Pinel;Sylvia;1977-09-28;Sylvia_Pinel;43;Pinel Sylvia;Sans profession déclarée
289;PA606507;M.;Boudié;Florent;1973-09-22;Florent_Boudié;47;Boudié Florent;Cadres de la fonction publique, professions intellectuelles et artistiques
290;PA720944;Mme;Park;Zivka;;Zivka_Park;36;Park Zivka;Cadres d'entreprise
291;PA721702;M.;Fauvergue;Jean-Michel;;Jean-Michel_Fauvergue;64;Fauvergue Jean-Michel;Cadres de la fonction publique, professions intellectuelles et artistiques
292;PA330240;M.;Ciotti;Éric;1965-09-28;Éric_Ciotti;55;Ciotti Éric;Sans profession déclarée
293;PA267200;M.;Huyghe;Sébastien;1969-10-25;Sébastien_Huyghe;51;Huyghe Sébastien;Professions libérales et assimilés
294;PA267429;M.;Cinieri;Dino;1955-07-09;Dino_Cinieri;65;Cinieri Dino;Cadres d'entreprise
295;PA609726;M.;Aubert;Julien;1978-06-11;Julien_Aubert;42;Aubert Julien;Cadres de la fonction publique, professions intellectuelles et artistiques
296;PA720684;M.;Dumont;Pierre-Henri;;Pierre-Henri_Dumont;33;Dumont Pierre-Henri;Cadres de la fonction publique, professions intellectuelles et artistiques
297;PA643103;M.;Ferrara;Jean-Jacques;;Jean-Jacques_Ferrara;53;Ferrara Jean-Jacques;Professions libérales et assimilés
298;PA720100;M.;Pradié;Aurélien;;Aurélien_Pradié;34;Pradié Aurélien;Cadres d'entreprise
299;PA721474;M.;Viry;Stéphane;;Stéphane_Viry;51;Viry Stéphane;Professions libérales et assimilés
300;PA721418;M.;Mignola;Patrick;;Patrick_Mignola;49;Mignola Patrick;Chefs d'entreprise de 10 salariés ou plus
301;PA719266;M.;Cubertafon;Jean-Pierre;;Jean-Pierre_Cubertafon;73;Cubertafon Jean-Pierre;Anciens artisans, commerçants, chefs d'entreprise
302;PA719558;M.;Balanant;Erwan;;Erwan_Balanant;50;Balanant Erwan;Cadres de la fonction publique, professions intellectuelles et artistiques
303;PA719874;Mme;Jacquier-Laforge;Élodie;;Élodie_Jacquier-Laforge;42;Jacquier-Laforge Élodie;Cadres d'entreprise
304;PA268019;M.;Lagarde;Jean-Christophe;1967-10-24;Jean-Christophe_Lagarde;53;Lagarde Jean-Christophe;Cadres d'entreprise
305;PA267330;M.;Zumkeller;Michel;1966-01-21;Michel_Zumkeller;55;Zumkeller Michel;Professions libérales et assimilés
306;PA1198;Mme;Dumont;Laurence;1958-06-02;Laurence_Dumont;62;Dumont Laurence;Cadres de la fonction publique, professions intellectuelles et artistiques
307;PA1592;M.;Habib;David;1961-03-16;David_Habib;59;Habib David;Cadres d'entreprise
308;PA608695;Mme;Untermaier;Cécile;1951-12-28;Cécile_Untermaier;69;Untermaier Cécile;Cadres de la fonction publique, professions intellectuelles et artistiques
309;PA267306;M.;Chassaigne;André;1950-07-02;André_Chassaigne;70;Chassaigne André;Cadres de la fonction publique, professions intellectuelles et artistiques
310;PA720996;M.;El Guerrab;M'jid;;M'jid_El Guerrab;37;El Guerrab M'jid;Cadres d'entreprise
311;PA2828;M.;Tourret;Alain;1947-12-25;Alain_Tourret;73;Tourret Alain;Professions libérales et assimilés
312;PA721880;Mme;Guévenoux;Marie;;Marie_Guévenoux;44;Guévenoux Marie;Professions libérales et assimilés
313;PA718744;Mme;Bagarry;Delphine;;Delphine_Bagarry;51;Bagarry Delphine;Professions libérales et assimilés
314;PA719330;M.;Gouttefarde;Fabien;;Fabien_Gouttefarde;42;Gouttefarde Fabien;Cadres de la fonction publique, professions intellectuelles et artistiques
315;PA719624;Mme;Couillard;Bérangère;;Bérangère_Couillard;34;Couillard Bérangère;Cadres d'entreprise
316;PA719660;Mme;Dubos;Christelle;;Christelle_Dubos;44;Dubos Christelle;Cadres de la fonction publique, professions intellectuelles et artistiques
317;PA719748;Mme;Chalas;Émilie;;Émilie_Chalas;43;Chalas Émilie;Cadres de la fonction publique, professions intellectuelles et artistiques
318;PA720066;Mme;Rist;Stéphanie;;Stéphanie_Rist;47;Rist Stéphanie;Cadres de la fonction publique, professions intellectuelles et artistiques
319;PA720552;Mme;Rauch;Isabelle;;Isabelle_Rauch;52;Rauch Isabelle;Professions libérales et assimilés
320;PA720916;Mme;Lazaar;Fiona;;Fiona_Lazaar;35;Lazaar Fiona;Cadres d'entreprise
321;PA721364;M.;Gauvain;Raphaël;;Raphaël_Gauvain;47;Gauvain Raphaël;Professions libérales et assimilés
322;PA722102;Mme;Vidal;Annie;;Annie_Vidal;64;Vidal Annie;Cadres de la fonction publique, professions intellectuelles et artistiques
323;PA923;M.;Cornut-Gentille;François;1958-05-22;François_Cornut-Gentille;62;Cornut-Gentille François;Cadres d'entreprise
324;PA712015;M.;Dive;Julien;1985-05-21;Julien_Dive;35;Dive Julien;Cadres d'entreprise
325;PA748954;M.;Savignat;Antoine;;Antoine_Savignat;45;Savignat Antoine;Professions libérales et assimilés
326;PA720976;M.;Mathiasin;Max;;Max_Mathiasin;65;Mathiasin Max;Cadres de la fonction publique, professions intellectuelles et artistiques
327;PA702052;Mme;Sage;Maina;1975-05-10;Maina_Sage;45;Sage Maina;Cadres d'entreprise
328;PA332228;M.;Benoit;Thierry;1966-09-13;Thierry_Benoit;54;Benoit Thierry;Cadres d'entreprise
329;PA337483;M.;Letchimy;Serge;1953-01-13;Serge_Letchimy;68;Letchimy Serge;Cadres d'entreprise
330;PA643145;Mme;Vainqueur-Christophe;Hélène;1956-05-06;Hélène_Vainqueur-Christophe;64;Vainqueur-Christophe Hélène;Professions libérales et assimilés
331;PA719146;M.;Acquaviva;Jean-Félix;;Jean-Félix_Acquaviva;47;Acquaviva Jean-Félix;Cadres d'entreprise
332;PA2150;M.;Mélenchon;Jean-Luc;;Jean-Luc_Mélenchon;69;Mélenchon Jean-Luc;Cadres de la fonction publique, professions intellectuelles et artistiques
333;PA610667;M.;Serville;Gabriel;1959-09-27;Gabriel_Serville;61;Serville Gabriel;Cadres de la fonction publique, professions intellectuelles et artistiques
334;PA721118;M.;Brotherson;Moetai;;Moetai_Brotherson;51;Brotherson Moetai;Sans profession déclarée
335;PA719632;Mme;Panonacle;Sophie;;Sophie_Panonacle;52;Panonacle Sophie;Sans profession déclarée
336;PA719718;Mme;Maillart-Méhaignerie;Laurence;;Laurence_Maillart-Méhaignerie;53;Maillart-Méhaignerie Laurence;Commerçants et assimilés
337;PA720538;Mme;De Temmerman;Jennifer;;Jennifer_De Temmerman;44;De Temmerman Jennifer;Cadres de la fonction publique, professions intellectuelles et artistiques
338;PA721372;M.;Pichereau;Damien;;Damien_Pichereau;33;Pichereau Damien;Employés de commerce
339;PA722000;M.;Buchou;Stéphane;;Stéphane_Buchou;46;Buchou Stéphane;Cadres d'entreprise
340;PA267204;M.;Sermier;Jean-Marie;1961-03-05;Jean-Marie_Sermier;59;Sermier Jean-Marie;Agriculteurs exploitants
341;PA721530;Mme;Luquet;Aude;;Aude_Luquet;53;Luquet Aude;Cadres de la fonction publique, professions intellectuelles et artistiques
342;PA2449;M.;Pont;Jean-Pierre;;Jean-Pierre_Pont;70;Pont Jean-Pierre;Professions libérales et assimilés
343;PA719592;M.;Simian;Benoit;;Benoît_Simian;37;Simian Benoit;Cadres d'entreprise
344;PA719652;Mme;Hammerer;Véronique;;Véronique_Hammerer;52;Hammerer Véronique;Cadres de la fonction publique, professions intellectuelles et artistiques
345;PA719778;M.;Jolivet;François;;François_Jolivet;54;Jolivet François;Cadres d'entreprise
346;PA719972;Mme;Sarles;Nathalie;;Nathalie_Sarles;58;Sarles Nathalie;Employés administratifs d'entreprise
347;PA720138;Mme;Saint-Paul;Laetitia;;Laëtitia_Saint-Paul;40;Saint-Paul Laetitia;Cadres de la fonction publique, professions intellectuelles et artistiques
348;PA720190;M.;Sorre;Bertrand;;Bertrand_Sorre;55;Sorre Bertrand;Employés de la fonction publique
349;PA720278;M.;Orphelin;Matthieu;;Matthieu_Orphelin;48;Orphelin Matthieu;Cadres d'entreprise
350;PA720414;M.;Perrot;Patrice;;Patrice_Perrot;57;Perrot Patrice;Chefs d'entreprise de 10 salariés ou plus
351;PA721166;Mme;Cazebonne;Samantha;;Samantha_Cazebonne;49;Cazebonne Samantha;Cadres de la fonction publique, professions intellectuelles et artistiques
352;PA721458;M.;Roseren;Xavier;;Xavier_Roseren;51;Roseren Xavier;Commerçants et assimilés
353;PA2377;M.;Perrut;Bernard;1957-01-24;Bernard_Perrut;64;Perrut Bernard;Professions libérales et assimilés
354;PA856;M.;Cherpion;Gérard;1948-03-15;Gérard_Cherpion;72;Cherpion Gérard;Professions libérales et assimilés
355;PA2155;M.;Menuel;Gérard;1952-05-07;Gérard_Menuel;68;Menuel Gérard;Agriculteurs exploitants
356;PA720586;M.;Vatin;Pierre;;Pierre_Vatin;53;Vatin Pierre;Cadres de la fonction publique, professions intellectuelles et artistiques
357;PA267324;M.;Gaultier;Jean-Jacques;;Jean-Jacques_Gaultier;57;Gaultier Jean-Jacques;Professions libérales et assimilés
358;PA267527;M.;Saddier;Martial;1969-10-15;Martial_Saddier;51;Saddier Martial;Anciens cadres et professions intermédiaires
359;PA718838;M.;Brun;Fabrice;;Fabrice_Brun;52;Brun Fabrice;Commerçants et assimilés
360;PA721968;M.;Vialay;Michel;;Michel_Vialay;61;Vialay Michel;Cadres d'entreprise
361;PA267735;M.;de Ganay;Claude;1953-09-05;Claude_de Ganay;67;de Ganay Claude;Sans profession déclarée
362;PA267785;M.;Larrivé;Guillaume;1977-01-24;Guillaume_Larrivé;44;Larrivé Guillaume;Professions libérales et assimilés
363;PA267318;M.;Grelier;Jean-Carles;;Jean-Carles_Grelier;54;Grelier Jean-Carles;Professions libérales et assimilés
364;PA718884;Mme;Bazin-Malgras;Valérie;;Valérie_Bazin-Malgras;51;Bazin-Malgras Valérie;Cadres d'entreprise
365;PA346054;M.;Maquet;Emmanuel;;Emmanuel_Maquet;52;Maquet Emmanuel;Cadres d'entreprise
366;PA330909;M.;Descoeur;Vincent;;Vincent_Descoeur;58;Descoeur Vincent;Cadres de la fonction publique, professions intellectuelles et artistiques
367;PA1695;M.;Jacob;Christian;1959-12-04;Christian_Jacob;61;Jacob Christian;Agriculteurs exploitants
368;PA720764;Mme;Lasserre;Florence;;Florence_Lasserre;46;Lasserre Florence;Employés administratifs d'entreprise
369;PA720968;Mme;Benin;Justine;;Justine_Benin;45;Benin Justine;Cadres de la fonction publique, professions intellectuelles et artistiques
370;PA722284;M.;Fuchs;Bruno;;Bruno_Fuchs;61;Fuchs Bruno;Chefs d'entreprise de 10 salariés ou plus
371;PA610775;M.;Gomès;Philippe;1958-10-27;Philippe_Gomès;62;Gomès Philippe;Cadres de la fonction publique, professions intellectuelles et artistiques
372;PA722110;M.;Wulfranc;Hubert;;Hubert_Wulfranc;64;Wulfranc Hubert;Cadres de la fonction publique, professions intellectuelles et artistiques
373;PA722252;Mme;Rixain;Marie-Pierre;;Marie-Pierre_Rixain;44;Rixain Marie-Pierre;Professions libérales et assimilés
374;PA718944;Mme;Racon-Bouzon;Cathy;;Cathy_Racon-Bouzon;44;Racon-Bouzon Cathy;Cadres d'entreprise
375;PA720402;M.;Paluszkiewicz;Xavier;;Xavier_Paluszkiewicz;48;Paluszkiewicz Xavier;Employés administratifs d'entreprise
376;PA720480;Mme;Lecocq;Charlotte;;Charlotte_Lecocq;43;Lecocq Charlotte;Chefs d'entreprise de 10 salariés ou plus
377;PA643205;Mme;Lang;Anne-Christine;1961-08-10;Anne-Christine_Lang;59;Lang Anne-Christine;Cadres de la fonction publique, professions intellectuelles et artistiques
378;PA331835;Mme;Iborra;Monique;1945-03-08;Monique_Iborra;75;Iborra Monique;Anciens cadres et professions intermédiaires
379;PA719520;M.;Nogal;Mickaël;;Mickaël_Nogal;30;Nogal Mickaël;Professions libérales et assimilés
380;PA719310;Mme;de Lavergne;Célia;;Célia_de Lavergne;41;de Lavergne Célia;Cadres d'entreprise
381;PA719496;M.;Cabaré;Pierre;;Pierre_Cabaré;63;Cabaré Pierre;Artisans
382;PA719570;Mme;Fabre;Catherine;;Catherine_Fabre;42;Fabre Catherine;Cadres de la fonction publique, professions intellectuelles et artistiques
383;PA720014;Mme;Tiegna;Huguette;;Huguette_Tiegna;38;Tiegna Huguette;Cadres de la fonction publique, professions intellectuelles et artistiques
384;PA718780;Mme;Trastour-Isnart;Laurence;;Laurence_Trastour-Isnart;48;Trastour-Isnart Laurence;Cadres de la fonction publique, professions intellectuelles et artistiques
385;PA720092;M.;Ramos;Richard;;Richard_Ramos;52;Ramos Richard;Cadres d'entreprise
386;PA609332;M.;Faure;Olivier;1968-08-18;Olivier_Faure_(homme_politique);52;Faure Olivier;Cadres d'entreprise
387;PA719578;M.;Prud'homme;Loïc;;Loïc_Prud'homme;51;Prud'homme Loïc;Professions intermédiaires de l'enseignement, de la santé, de la fonction publique et assimilés
388;PA718682;M.;Trompille;Stéphane;;Stéphane_Trompille;38;Trompille Stéphane;Employés de commerce
389;PA719130;Mme;Michel;Monica;;Monica_Michel;65;Michel Monica;Cadres d'entreprise
390;PA720046;Mme;Dufeu;Audrey;;Audrey_Dufeu;40;Dufeu Audrey;Cadres d'entreprise
391;PA721522;M.;Batut;Xavier;;Xavier_Batut; a;Batut Xavier;Cadres d'entreprise
392;PA722134;M.;Fiévet;Jean-Marie;;Jean-Marie_Fiévet;56;Fiévet Jean-Marie;Professions intermédiaires de l'enseignement, de la santé, de la fonction publique et assimilés
393;PA722320;M.;Lejeune;Christophe;;Christophe_Lejeune;51;Lejeune Christophe;Professions libérales et assimilés
394;PA720696;Mme;Descamps;Béatrice;;Béatrice_Descamps_(femme_politique,_1961);59;Descamps Béatrice;Professions intermédiaires de l'enseignement, de la santé, de la fonction publique et assimilés
395;PA333285;M.;Garot;Guillaume;1966-05-29;Guillaume_Garot;54;Garot Guillaume;Cadres de la fonction publique, professions intellectuelles et artistiques
396;PA718860;Mme;Taurine;Bénédicte;;Bénédicte_Taurine;44;Taurine Bénédicte;Cadres de la fonction publique, professions intellectuelles et artistiques
397;PA719676;Mme;Ressiguier;Muriel;;Muriel_Ressiguier;43;Ressiguier Muriel;Employés de la fonction publique
398;PA721226;Mme;Rubin;Sabine;;Sabine_Rubin;60;Rubin Sabine;Cadres de la fonction publique, professions intellectuelles et artistiques
399;PA718794;Mme;Hérin;Danièle;;Danièle_Hérin;74;Hérin Danièle;Anciens cadres et professions intermédiaires
400;PA720342;Mme;Le Peih;Nicole;;Nicole_Le Peih;61;Le Peih Nicole;Agriculteurs exploitants
401;PA721036;M.;Adam;Lénaïck;;Lénaïck_Adam;29;Adam Lénaïck;Cadres d'entreprise
402;PA721624;Mme;Avia;Laetitia;;Laetitia_Avia;35;Avia Laetitia;Professions libérales et assimilés
403;PA722344;M.;Julien-Laferrière;Hubert;;Hubert_Julien-Laferrière;55;Julien-Laferrière Hubert;Cadres de la fonction publique, professions intellectuelles et artistiques
404;PA267440;M.;Diard;Éric;;Éric_Diard;55;Diard Éric;Professions libérales et assimilés
405;PA722030;M.;Bournazel;Pierre-Yves;;Pierre-Yves_Bournazel;43;Bournazel Pierre-Yves;Commerçants et assimilés
406;PA335999;Mme;Batho;Delphine;1973-03-23;Delphine_Batho;47;Batho Delphine;Cadres de la fonction publique, professions intellectuelles et artistiques
407;PA335612;M.;Lecoq;Jean-Paul;;Jean-Paul_Lecoq;62;Lecoq Jean-Paul;Professions intermédiaires de l'enseignement, de la santé, de la fonction publique et assimilés
408;PA719480;M.;Gaillard;Olivier;;Olivier_Gaillard_(homme_politique);54;Gaillard Olivier;Cadres de la fonction publique, professions intellectuelles et artistiques
409;PA721314;M.;Schellenberger;Raphaël;;Raphaël_Schellenberger;31;Schellenberger Raphaël;Cadres de la fonction publique, professions intellectuelles et artistiques
410;PA721608;M.;Bourlanges;Jean-Louis;;Jean-Louis_Bourlanges;74;Bourlanges Jean-Louis;Cadres de la fonction publique, professions intellectuelles et artistiques
411;PA421348;M.;Villiers;André;;André_Villiers_(homme_politique);66;Villiers André;Agriculteurs exploitants
412;PA607155;M.;Daniel;Yves;1954-07-31;Yves_Daniel;66;Daniel Yves;Anciens agriculteurs exploitants
413;PA718876;M.;Besson-Moreau;Grégory;;Grégory_Besson-Moreau;38;Besson-Moreau Grégory;Chefs d'entreprise de 10 salariés ou plus
414;PA718894;M.;Dombreval;Loïc;;Loïc_Dombreval;54;Dombreval Loïc;Chefs d'entreprise de 10 salariés ou plus
415;PA719700;M.;Huppé;Philippe;;Philippe_Huppé;53;Huppé Philippe;Cadres de la fonction publique, professions intellectuelles et artistiques
416;PA336316;M.;Bouchet;Jean-Claude;1957-05-02;Jean-Claude_Bouchet;63;Bouchet Jean-Claude;Chefs d'entreprise de 10 salariés ou plus
417;PA760658;M.;Chouat;Francis;;Francis_Chouat;72;Chouat Francis;Anciens cadres et professions intermédiaires
418;PA1276;M.;Fanget;Michel;;Michel_Fanget;70;Fanget Michel;Professions libérales et assimilés
419;PA718910;Mme;Pitollat;Claire;;Claire_Pitollat;41;Pitollat Claire;Cadres d'entreprise
420;PA719842;M.;Laabid;Mustapha;;Mustapha_Laabid;51;Laabid Mustapha;Cadres d'entreprise
421;PA720074;Mme;Janvier;Caroline;;Caroline_Janvier;38;Janvier Caroline;Cadres d'entreprise
422;PA720932;M.;Da Silva;Dominique;;Dominique_Da_Silva_(homme_politique);52;Da Silva Dominique;Commerçants et assimilés
423;PA721336;Mme;Brocard;Blandine;;Blandine_Brocard;39;Brocard Blandine;Employés administratifs d'entreprise
424;PA689;Mme;Buffet;Marie-George;1949-05-07;Marie-George_Buffet;71;Buffet Marie-George;Employés administratifs d'entreprise
425;PA718768;Mme;Valetta Ardisson;Alexandra;;Alexandra_Valetta-Ardisson;44;Valetta Ardisson Alexandra;Professions intermédiaires de l'enseignement, de la santé, de la fonction publique et assimilés
426;PA608641;M.;Blein;Yves;1954-10-12;Yves_Blein;66;Blein Yves;Cadres d'entreprise
427;PA719456;Mme;Mörch;Sandrine;;Sandrine_Mörch;59;Mörch Sandrine;Cadres de la fonction publique, professions intellectuelles et artistiques
428;PA720354;M.;Jacques;Jean-Michel;;Jean-Michel_Jacques;;Jacques Jean-Michel;Professions intermédiaires de l'enseignement, de la santé, de la fonction publique et assimilés
429;PA720370;M.;Mendes;Ludovic;;Ludovic_Mendes;33;Mendes Ludovic;Cadres d'entreprise
430;PA267901;M.;Kamardine;Mansour;;Mansour_Kamardine;61;Kamardine Mansour;Professions libérales et assimilés
431;PA1008;M.;David;Alain;;Alain_David_(homme_politique);71;David Alain;Cadres d'entreprise
432;PA720988;Mme;Manin;Josette;;Josette_Manin;70;Manin Josette;Anciens cadres et professions intermédiaires
433;PA588884;Mme;Autain;Clémentine;;Clémentine_Autain;47;Autain Clémentine;Cadres de la fonction publique, professions intellectuelles et artistiques
434;PA717167;M.;Mahjoubi;Mounir;;Mounir_Mahjoubi;37;Mahjoubi Mounir;Professions libérales et assimilés
435;PA719448;Mme;Chapelier;Annie;;Annie_Chapelier;53;Chapelier Annie;Professions intermédiaires de l'enseignement, de la santé, de la fonction publique et assimilés
436;PA720952;M.;Taché;Aurélien;;Aurélien_Taché;36;Taché Aurélien;Cadres de la fonction publique, professions intellectuelles et artistiques
437;PA722260;M.;Villani;Cédric;;Cédric_Villani;47;Villani Cédric;Cadres de la fonction publique, professions intellectuelles et artistiques
438;PA642935;M.;Becht;Olivier;;Olivier_Becht;44;Becht Olivier;Cadres de la fonction publique, professions intellectuelles et artistiques
439;PA712014;M.;Ledoux;Vincent;1966-06-21;Vincent_Ledoux;54;Ledoux Vincent;Cadres de la fonction publique, professions intellectuelles et artistiques
440;PA719072;M.;Mesnier;Thomas;;Thomas_Mesnier;34;Mesnier Thomas;Cadres de la fonction publique, professions intellectuelles et artistiques
441;PA719218;M.;Berville;Hervé;;Hervé_Berville;;Berville Hervé;Cadres d'entreprise
442;PA721398;Mme;Degois;Typhanie;;Typhanie_Degois;28;Degois Typhanie;Professions intermédiaires administratives et commerciales des entreprises
443;PA1809;M.;Lambert;Jérôme;1957-06-07;Jérôme_Lambert_(homme_politique);63;Lambert Jérôme;Cadres d'entreprise
444;PA720614;Mme;Le Pen;Marine;;Marine_Le Pen;52;Le Pen Marine;Professions libérales et assimilés
445;PA720606;M.;Pajot;Ludovic;;Ludovic_Pajot;27;Pajot Ludovic;Sans profession déclarée
446;PA720664;M.;Evrard;José;;José_Evrard;75;Evrard José;Anciens employés et ouvriers
447;PA720822;M.;Bilde;Bruno;;Bruno_Bilde;44;Bilde Bruno;Professions libérales et assimilés
448;PA722390;Mme;Corneloup;Josiane;;Josiane_Corneloup;61;Corneloup Josiane;Professions libérales et assimilés
449;PA508;Mme;Biémouret;Gisèle;1952-06-16;Gisèle_Biémouret;68;Biémouret Gisèle;Cadres de la fonction publique, professions intellectuelles et artistiques
450;PA334768;M.;Touraine;Jean-Louis;1945-10-08;Jean-Louis_Touraine;75;Touraine Jean-Louis;Cadres de la fonction publique, professions intellectuelles et artistiques
451;PA267289;M.;Door;Jean-Pierre;1942-04-01;Jean-Pierre_Door;78;Door Jean-Pierre;Professions libérales et assimilés
452;PA643134;Mme;Valentin;Isabelle;;Isabelle_Valentin;59;Valentin Isabelle;Agriculteurs exploitants
453;PA721126;Mme;Guion-Firmin;Claire;;Claire_Guion-Firmin;63;Guion-Firmin Claire;Cadres d'entreprise
454;PA721792;Mme;Guerel;Émilie;;Émilie_Guerel;37;Guerel Émilie;Cadres de la fonction publique, professions intellectuelles et artistiques
455;PA721808;Mme;Crouzet;Michèle;;Michèle_Crouzet;53;Crouzet Michèle;Cadres d'entreprise
456;PA722300;Mme;Khedher;Anissa;;Anissa_Khedher;40;Khedher Anissa;Cadres de la fonction publique, professions intellectuelles et artistiques
457;PA267378;Mme;Levy;Geneviève;1948-02-24;Geneviève_Levy;73;Levy Geneviève;Cadres d'entreprise
458;PA267042;M.;Favennec-Bécot ;Yannick;1958-08-12;Yannick_Favennec_Becot;62;Favennec-Bécot  Yannick;Cadres de la fonction publique, professions intellectuelles et artistiques
459;PA721094;M.;Dunoyer;Philippe;;Philippe_Dunoyer;53;Dunoyer Philippe;Cadres de la fonction publique, professions intellectuelles et artistiques
460;PA718990;Mme;Blanc;Anne;;Anne_Blanc;54;Blanc Anne;Professions intermédiaires de l'enseignement, de la santé, de la fonction publique et assimilés
461;PA719528;M.;Portarrieu;Jean-François;;Jean-François_Portarrieu;55;Portarrieu Jean-François;Cadres de la fonction publique, professions intellectuelles et artistiques
462;PA719822;Mme;Thillaye;Sabine;;Sabine_Thillaye;61;Thillaye Sabine;Commerçants et assimilés
463;PA607090;M.;Vigier;Jean-Pierre;1969-10-22;Jean-Pierre_Vigier_(homme_politique);51;Vigier Jean-Pierre;Cadres de la fonction publique, professions intellectuelles et artistiques
464;PA719044;Mme;Essayan;Nadia;;Nadia_Essayan;63;Essayan Nadia;Cadres de la fonction publique, professions intellectuelles et artistiques
465;PA719942;M.;Baudu;Stéphane;;Stéphane_Baudu;55;Baudu Stéphane;Cadres d'entreprise
466;PA721996;M.;Loiseau;Patrick;;Patrick_Loiseau;;Loiseau Patrick;Cadres de la fonction publique, professions intellectuelles et artistiques
467;PA605518;M.;Lambert;François-Michel;1966-08-24;François-Michel_Lambert;54;Lambert François-Michel;Professions libérales et assimilés
468;PA608292;Mme;Dubié;Jeanine;1958-01-03;Jeanine_Dubié;63;Dubié Jeanine;Cadres de la fonction publique, professions intellectuelles et artistiques
469;PA719286;M.;Colombani;Paul-André;;Paul-André_Colombani;53;Colombani Paul-André;Professions libérales et assimilés
470;PA721560;M.;Griveaux;Benjamin;;Benjamin_Griveaux;43;Griveaux Benjamin;Cadres d'entreprise
471;PA643157;M.;Naillet;Philippe;1960-08-14;Philippe_Naillet;60;Naillet Philippe;Cadres d'entreprise
472;PA721110;Mme;Sanquer;Nicole;;Nicole_Sanquer;48;Sanquer Nicole;Cadres de la fonction publique, professions intellectuelles et artistiques
473;PA718918;Mme;Louis;Alexandra;;Alexandra_Louis;37;Louis Alexandra;Professions libérales et assimilés
474;PA719052;M.;Kervran;Loïc;;Loïc_Kervran;37;Kervran Loïc;Cadres d'entreprise
475;PA719302;Mme;Thourot;Alice;;Alice_Thourot;35;Thourot Alice;Professions libérales et assimilés
476;PA719396;M.;Larsonneur;Jean-Charles;;Jean-Charles_Larsonneur;37;Larsonneur Jean-Charles;Cadres de la fonction publique, professions intellectuelles et artistiques
477;PA719404;M.;Le Gac;Didier;;Didier_Le Gac;55;Le Gac Didier;Professions intermédiaires de l'enseignement, de la santé, de la fonction publique et assimilés
478;PA719600;M.;Poulliat;Éric;;Éric_Poulliat;46;Poulliat Éric;Employés de la fonction publique
479;PA720814;M.;Cazenove;Sébastien;;Sébastien_Cazenove;;Cazenove Sébastien;Professions intermédiaires administratives et commerciales des entreprises
480;PA721004;Mme;Lakrafi;Amélia;;Amélia_Lakrafi;42;Lakrafi Amélia;Commerçants et assimilés
481;PA767;M.;Cattin;Jacques;;Jacques_Cattin;62;Cattin Jacques;Agriculteurs exploitants
482;PA720772;M.;Bru;Vincent;;Vincent_Bru;65;Bru Vincent;Cadres de la fonction publique, professions intellectuelles et artistiques
483;PA335054;Mme;Karamanli;Marietta;1964-12-18;Marietta_Karamanli;56;Karamanli Marietta;Cadres de la fonction publique, professions intellectuelles et artistiques
484;PA607193;Mme;Errante;Sophie;1971-07-22;Sophie_Errante;49;Errante Sophie;Chefs d'entreprise de 10 salariés ou plus
485;PA721690;M.;Tan;Buon;;Buon_Tan;53;Tan Buon;Commerçants et assimilés
486;PA719504;M.;Lagleize;Jean-Luc;;Jean-Luc_Lagleize;62;Lagleize Jean-Luc;Professions libérales et assimilés
487;PA267355;M.;Herth;Antoine;1963-02-14;Antoine_Herth;58;Herth Antoine;Agriculteurs exploitants
488;PA721718;Mme;Do;Stéphanie;;Stéphanie_Do;41;Do Stéphanie;Cadres de la fonction publique, professions intellectuelles et artistiques
489;PA722312;Mme;Bessot Ballot;Barbara;;Barbara_Bessot Ballot;48;Bessot Ballot Barbara;Cadres d'entreprise
490;PA722240;M.;Venteau;Pierre;;Pierre_Venteau;46;Venteau Pierre;Cadres d'entreprise
491;PA1012;M.;de la Verpillière;Charles;1954-05-31;Charles_de la Verpillière;66;de la Verpillière Charles;Cadres de la fonction publique, professions intellectuelles et artistiques
492;PA713448;Mme;Brenier;Marine;1986-08-11;Marine_Brenier;34;Brenier Marine;Cadres d'entreprise
493;PA267766;M.;Bricout;Guy;;Guy_Bricout;77;Bricout Guy;Anciens cadres et professions intermédiaires
494;PA719464;M.;Nadot;Sébastien;;Sébastien_Nadot;48;Nadot Sébastien;Cadres de la fonction publique, professions intellectuelles et artistiques
495;PA334116;Mme;Maquet;Jacqueline;1949-05-13;Jacqueline_Maquet;71;Maquet Jacqueline;Cadres d'entreprise
496;PA720438;M.;Di Pompeo;Christophe;;Christophe_Di Pompeo;56;Di Pompeo Christophe;Cadres de la fonction publique, professions intellectuelles et artistiques
497;PA720310;M.;Arend;Christophe;;Christophe_Arend;45;Arend Christophe;Professions libérales et assimilés
498;PA722118;Mme;Sylla;Sira;;Sira_Sylla;40;Sylla Sira;Professions libérales et assimilés
499;PA718902;M.;Roussel;Cédric;;Cédric_Roussel;43;Roussel Cédric;Professions libérales et assimilés
500;PA266788;M.;Morel-À-L'Huissier;Pierre;1958-12-21;Pierre_Morel-À-L'Huissier;62;Morel-À-L'Huissier Pierre;Professions libérales et assimilés
501;PA721872;Mme;Poirson;Brune;;Brune_Poirson;38;Poirson Brune;Professions libérales et assimilés
502;PA722218;Mme;Delpirou;Cécile;;Cécile_Delpirou;56;Delpirou Cécile;Cadres d'entreprise
503;PA720246;M.;Templier;Sylvain;;Sylvain_Templier;49;Templier Sylvain;Professions libérales et assimilés
504;PA342240;M.;Bourgeaux;Jean-Luc;;Jean-Luc_Bourgeaux;57;Bourgeaux Jean-Luc;Agriculteurs exploitants
505;PA342196;Mme;Rouaux;Claudia;;Claudia_Rouaux;57;Rouaux Claudia;Cadres de la fonction publique, professions intellectuelles et artistiques
506;PA695100;M.;Habib;Meyer;1961-04-28;Meyer_Habib;59;Habib Meyer;Cadres d'entreprise
507;PA719436;M.;Meizonnet;Nicolas;;Nicolas_Meizonnet;37;Meizonnet Nicolas;Cadres d'entreprise
508;PA720704;Mme;Vichnievsky;Laurence;;Laurence_Vichnievsky;66;Vichnievsky Laurence;Cadres de la fonction publique, professions intellectuelles et artistiques
509;PA267260;Mme;Poletti;Bérengère;1959-10-14;Bérengère_Poletti;61;Poletti Bérengère;Professions intermédiaires de l'enseignement, de la santé, de la fonction publique et assimilés
510;PA642764;M.;Aviragnet;Joël;1956-06-16;Joël_Aviragnet;64;Aviragnet Joël;Cadres d'entreprise
511;PA721012;Mme;Kéclard-Mondésir;Manuéla;;Manuéla_Kéclard-Mondésir;49;Kéclard-Mondésir Manuéla;Professions intermédiaires de l'enseignement, de la santé, de la fonction publique et assimilés
512;PA721384;Mme;Fontenel-Personne;Pascale;;Pascale_Fontenel-Personne;58;Fontenel-Personne Pascale;Commerçants et assimilés
513;PA605131;M.;Castaner;Christophe;1966-01-03;Christophe_Castaner;55;Castaner Christophe;Cadres de la fonction publique, professions intellectuelles et artistiques
514;PA722082;Mme;Ballet-Blu;Françoise;;Françoise_Ballet-Blu;;Ballet-Blu Françoise;Artisans
515;PA722280;M.;Meyer;Philippe;;Philippe_Meyer_(homme_politique);51;Meyer Philippe;Professions intermédiaires de l'enseignement, de la santé, de la fonction publique et assimilés
516;PA333818;M.;Hutin;Christian;1961-01-18;Christian_Hutin;60;Hutin Christian;Professions libérales et assimilés
517;PA774960;Mme;Santiago;Isabelle;;Isabelle_Santiago;55;Santiago Isabelle;Cadres de la fonction publique, professions intellectuelles et artistiques
518;PA720488;Mme;Six;Valérie;;Valérie_Six;;Six Valérie;Professions libérales et assimilés
519;PA719946;M.;Peltier;Guillaume;;Guillaume_Peltier;44;Peltier Guillaume;Cadres d'entreprise
520;PA709315;M.;Viala;Arnaud;1974-12-04;Arnaud_Viala;46;Viala Arnaud;Cadres de la fonction publique, professions intellectuelles et artistiques
521;PA774954;Mme;Blin;Anne-Laure;;Anne-Laure_Blin;37;Blin Anne-Laure;Sans profession déclarée
522;PA605694;M.;Falorni;Olivier;1972-03-27;Olivier_Falorni;48;Falorni Olivier;Cadres de la fonction publique, professions intellectuelles et artistiques
523;PA721046;Mme;Bassire;Nathalie;;Nathalie_Bassire;53;Bassire Nathalie;Anciens cadres et professions intermédiaires
524;PA346876;M.;Solère;Thierry;1971-08-17;Thierry_Solère;49;Solère Thierry;Cadres d'entreprise
525;PA720928;M.;Corceiro;David;;David_Corceiro;43;Corceiro David;Cadres d'entreprise
526;PA719258;M.;Delpon;Michel;;Michel_Delpon;71;Delpon Michel;Cadres d'entreprise
527;PA342935;Mme;Dubois;Marianne;1957-12-17;Marianne_Dubois;;Dubois Marianne;Sans profession déclarée
528;PA720178;M.;Garcia;Laurent;;Laurent_Garcia;50;Garcia Laurent;Cadres d'entreprise
529;PA606639;M.;Vignal;Patrick;1958-01-22;Patrick_Vignal;63;Vignal Patrick;Chefs d'entreprise de 10 salariés ou plus
530;PA605084;M.;Krabal;Jacques;1948-04-10;Jacques_Krabal;72;Krabal Jacques;Anciens cadres et professions intermédiaires
531;PA1206;M.;Dupont-Aignan;Nicolas;1961-03-07;Nicolas_Dupont-Aignan;59;Dupont-Aignan Nicolas;Cadres de la fonction publique, professions intellectuelles et artistiques
532;PA343493;M.;Rouillard;Gwendal;1976-04-20;Gwendal_Rouillard;44;Rouillard Gwendal;Cadres de la fonction publique, professions intellectuelles et artistiques
533;PA642724;M.;Barbier;Frédéric;1960-08-30;Frédéric_Barbier_(homme_politique);60;Barbier Frédéric;Cadres d'entreprise
534;PA2796;M.;Teissier;Guy;1945-04-04;Guy_Teissier;75;Teissier Guy;Professions libérales et assimilés
535;PA719210;M.;Joncour;Bruno;;Bruno_Joncour;67;Joncour Bruno;Employés de la fonction publique
536;PA721800;M.;Matras;Fabien;;Fabien_Matras;36;Matras Fabien;Professions intermédiaires de l'enseignement, de la santé, de la fonction publique et assimilés
537;PA721864;Mme;Zitouni;Souad;;Souad_Zitouni;46;Zitouni Souad;Professions libérales et assimilés
538;PA721054;M.;Lorion;David;;David_Lorion;56;Lorion David;Cadres de la fonction publique, professions intellectuelles et artistiques
539;PA759192;M.;Poudroux;Jean-Luc;;Jean-Luc_Poudroux;70;Poudroux Jean-Luc;Anciens cadres et professions intermédiaires
540;PA2529;M.;Reitzer;Jean-Luc;1951-12-29;Jean-Luc_Reitzer;69;Reitzer Jean-Luc;Cadres d'entreprise
541;PA1630;M.;Herbillon;Michel;1951-03-06;Michel_Herbillon;69;Herbillon Michel;Cadres d'entreprise
542;PA2492;M.;Quentin;Didier;1946-12-23;Didier_Quentin;74;Quentin Didier;Cadres de la fonction publique, professions intellectuelles et artistiques
543;PA1029;M.;Deflesselles;Bernard;1953-10-16;Bernard_Deflesselles;67;Deflesselles Bernard;Cadres d'entreprise
544;PA223837;M.;Brochand;Bernard;1938-06-05;Bernard_Brochand;82;Brochand Bernard;Anciens cadres et professions intermédiaires
545;PA267794;Mme;Tabarot;Michèle;1962-10-13;Michèle_Tabarot;58;Tabarot Michèle;Chefs d'entreprise de 10 salariés ou plus
546;PA721636;M.;Parigi;Jean-François;;Jean-François_Parigi;61;Parigi Jean-François;Sans profession déclarée
547;PA330788;M.;Reynès;Bernard;1953-10-18;Bernard_Reynès;67;Reynès Bernard;Professions libérales et assimilés
548;PA721070;Mme;Ramassamy;Nadia;;Nadia_Ramassamy;59;Ramassamy Nadia;Professions libérales et assimilés
549;PA336439;M.;Clément;Jean-Michel;1954-10-31;Jean-Michel_Clément;66;Clément Jean-Michel;Professions libérales et assimilés
550;PA720038;Mme;Josso;Sandrine;;Sandrine_Josso;45;Josso Sandrine;Professions libérales et assimilés
551;PA722358;M.;Gassilloud;Thomas;;Thomas_Gassilloud;39;Gassilloud Thomas;Chefs d'entreprise de 10 salariés ou plus
552;PA610654;M.;Nilor;Jean-Philippe;1965-05-15;Jean-Philippe_Nilor;55;Nilor Jean-Philippe;Cadres de la fonction publique, professions intellectuelles et artistiques
553;PA721174;M.;Son-Forget;Joachim;;Joachim_Son-Forget;37;Son-Forget Joachim;Cadres de la fonction publique, professions intellectuelles et artistiques
554;PA267337;Mme;Bouchet;Claire;;Claire_Bouchet;67;Bouchet Claire;Employés de la fonction publique
555;PA721538;Mme;Roques-Etienne;Muriel;;Muriel_Roques-Étienne;41;Roques-Etienne Muriel;Cadres d'entreprise
556;PA721576;Mme;Bouchet Bellecourt;Sylvie;;Sylvie_Bouchet Bellecourt;63;Bouchet Bellecourt Sylvie;Professions intermédiaires de l'enseignement, de la santé, de la fonction publique et assimilés
557;PA719020;Mme;Porte;Nathalie;;Nathalie_Porte;48;Porte Nathalie;Cadres d'entreprise
558;PA720672;M.;Therry;Robert;;Robert_Therry;73;Therry Robert;Anciens agriculteurs exploitants
559;PA604;M.;Bouley;Bernard;;Bernard_Bouley;70;Bouley Bernard;Chefs d'entreprise de 10 salariés ou plus
560;PA774952;M.;Benassaya;Philippe;;Philippe_Benassaya;56;Benassaya Philippe;Artisans
561;PA774956;M.;Hemedinger;Yves;;Yves_Hemedinger;55;Hemedinger Yves;Cadres d'entreprise
562;PA719002;M.;Ravier;Julien;;Julien_Ravier;43;Ravier Julien;Cadres d'entreprise
563;PA720006;M.;Geismar;Luc;;Luc_Geismar;;Geismar Luc;Cadres d'entreprise
564;PA643004;M.;Labille;Grégory;;Grégory_Labille;52;Labille Grégory;Professions intermédiaires de l'enseignement, de la santé, de la fonction publique et assimilés
565;PA774958;M.;Leseul;Gérard;;Gérard_Leseul;60;Leseul Gérard;Cadres d'entreprise
566;PA643192;Mme;Jourdan;Chantal;;Chantal_Jourdan;62;Jourdan Chantal;Cadres de la fonction publique, professions intellectuelles et artistiques
567;PA721768;Mme;Silin;Marie;;Marie_Silin;42;Silin Marie;Cadres d'entreprise
568;PA774962;Mme;Lebon;Karine;;Karine_Lebon;35;Lebon Karine;Professions intermédiaires de l'enseignement, de la santé, de la fonction publique et assimilés
569;PA721666;Mme;Audibert;Edith;;Edith_Audibert;72;Audibert Edith;Anciens employés et ouvriers
570;PA720802;Mme;Pujol;Catherine;;Catherine_Pujol_(femme_politique);60;Pujol Catherine;Sans profession déclarée
571;PA331567;Mme;de La Raudière;Laure;1965-02-12;Laure_de La Raudière;56;de La Raudière Laure;Chefs d'entreprise de 10 salariés ou plus
572;PA719806;Mme;Auconie;Sophie;;Sophie_Auconie;57;Auconie Sophie;Chefs d'entreprise de 10 salariés ou plus
573;PA717151;Mme;de Sarnez;Marielle;;Marielle_de Sarnez;;de Sarnez Marielle;Cadres de la fonction publique, professions intellectuelles et artistiques
574;PA998;M.;Dassault;Olivier;1951-06-01;Olivier_Dassault;69;Dassault Olivier;Chefs d'entreprise de 10 salariés ou plus